id,name,artist_popularity,artist_genres,followers,genre_0,genre_1,genre_2,genre_3,genre_4,genre_5,genre_6,genre_7
4AK6F7OLvEQ5QYCBNiQWHq,One Direction,84,"['boy band', 'pop', 'post-teen pop', 'talent show']",35837153,boy band,pop,post-teen pop,talent show,,,,
6KImCVD70vtIoJWnq6nGn3,Harry Styles,84,['pop'],32774246,pop,,,,,,,
6w60ExNMjs0gd4ioh7GMRI,BLP KOSHER,59,[],208183,,,,,,,,
7m0BsF0t3K9WQFgKoPejfk,ArrDee,63,['uk hip hop'],967200,uk hip hop,,,,,,,
1Hsdzj7Dlq2I7tHP7501T4,Niall Horan,74,['pop'],9920240,pop,,,,,,,
5Pwc4xIPtQLFEnJriah9YJ,OneRepublic,85,"['piano rock', 'pop']",17314633,piano rock,pop,,,,,,
5Rl15oVamLq7FbSb0NNBNy,5 Seconds of Summer,75,"['boy band', 'pop']",10021530,boy band,pop,,,,,,
4988ULVP4X7nco6pLh1PA2,Cimorelli,41,['viral pop'],327303,viral pop,,,,,,,
7kwEvDE8e7EBGKh5bLczqQ,Anthem Lights,51,"['channel pop', 'viral pop']",430206,channel pop,viral pop,,,,,,
1Dfl8Q32toLap2O6lggdjQ,60000isk,19,[],400,,,,,,,,
7gOdHgIoIKoe4i9Tta6qdD,Jonas Brothers,74,"['boy band', 'pop']",7656691,boy band,pop,,,,,,
3vTJ5vBUIyzRORF9fxVCIW,Lucy Paz,10,[],25,,,,,,,,
3XKtycltpy1gaeny0Bdzcs,Rhett and Link,39,['antiviral pop'],120377,antiviral pop,,,,,,,
648dUUIlz7RSeg3O8CbTat,Midnite String Quartet,49,['bow pop'],51804,bow pop,,,,,,,
6jJ0s89eD6GaHleKKya26X,Katy Perry,85,['pop'],34026628,pop,,,,,,,
42QKiNCqr36B0gfgETuA9t,Tiny Tracks,26,['lullaby'],2795,lullaby,,,,,,,
7iI9Ea915C1T4GqG9vrFiD,Erez Cohen,3,[],74,,,,,,,,
1uNFoZAHBGtllmzznpCI3s,Justin Bieber,89,"['canadian pop', 'pop']",76287946,canadian pop,pop,,,,,,
0rwGV1HhNWK2Ta4rjmlmtp,Junior Caldera,44,['trap venezolano'],41333,trap venezolano,,,,,,,
3mGCLimuzOdod4Lnegny4d,Twinkle Twinkle Little Rock Star,54,['sleep'],62918,sleep,,,,,,,
3YcYQvh90LabrI6cVQBoG4,Acoustic Heartstrings,44,[],18139,,,,,,,,
364ovD0MRp9ezaNTkRoLeA,Gavin Mikhail,39,"['piano rock', 'viral pop']",90952,piano rock,viral pop,,,,,,
5N8fU1gMvMFLKCUGjkI6Hb,Carl Runefelt,16,[],774,,,,,,,,
64KEffDW9EtZ1y2vBYgq8T,Marshmello,83,"['brostep', 'edm', 'pop', 'progressive electro house']",33733693,brostep,edm,pop,progressive electro house,,,,
7HBA3bLuJTLRvjK8NX9ZSy,Sweet Little Band,55,['musica para ninos'],69620,musica para ninos,,,,,,,
5HvzmTdDHTsVFKtxA12ibI,Lullaby Rock!,34,['lullaby'],1934,lullaby,,,,,,,
0sOfFTIMocxq5mPB8SFLHn,Piano Project,32,['piano cover'],6881,piano cover,,,,,,,
39PgoLIR1mXfy0AktyYumn,Texada,20,[],2373,,,,,,,,
5ZsFI1h6hIdQRw2ti0hz81,ZAYN,76,"['pop', 'uk pop']",23145532,pop,uk pop,,,,,,
28H44XIsMg5EaFBxPbYpnQ,Righturn,6,[],1330,,,,,,,,
7EQ0qTo7fWT7DPxmxtSYEc,Bastille,74,"['metropopolis', 'modern rock', 'pop']",5550007,metropopolis,modern rock,pop,,,,,
1nlBFF8Gltvlw1Inky7XHX,Uncharted Shores,1,[],455,,,,,,,,
1l8Fu6IkuTP0U5QetQJ5Xt,Fifth Harmony,68,"['girl group', 'pop', 'talent show']",16214764,girl group,pop,talent show,,,,,
5GHD1fIQw1MHitSnzLeP3W,Danny Dean,17,[],66,,,,,,,,
53N442cKc5lNYCauf5jHD4,Franko,43,[],5909,,,,,,,,
3NPpFNZtSTHheNBaWC82rB,X Ambassadors,71,"['modern alternative rock', 'modern rock', 'stomp pop']",3020447,modern alternative rock,modern rock,stomp pop,,,,,
2eu3XrPUVsIobIJlH0leny,Samuel Zechin,0,[],247,,,,,,,,
7n2wHs1TKAczGzO7Dd2rGr,Shawn Mendes,82,"['canadian pop', 'pop', 'viral pop']",43032784,canadian pop,pop,viral pop,,,,,
3KbNt2zAQzIoDV5zizBlAv,Aonee,0,[],1,,,,,,,,
7LHVl4mPmTVhpwWkhPwmku,Begging Blind,0,[],44,,,,,,,,
14AykuJi7Nkktbz6hAzzBc,J Heems,11,[],78,,,,,,,,
2dJGQoWkPECe8M7RMb5sBD,Squad,8,[],418,,,,,,,,
6S2OmqARrzebs0tKUEyXyp,Demi Lovato,76,"['pop', 'post-teen pop']",26676283,pop,post-teen pop,,,,,,
4ykT0z2VYMH0yh9NoVfzEo,Klode Chill,36,[],1324,,,,,,,,
07QEuhtrNmmZ0zEcqE9SF6,Owl City,68,"['indietronica', 'pop']",2387664,indietronica,pop,,,,,,
0LyfQWJT6nXafLPZqxe9Of,Various Artists,0,[],2486532,,,,,,,,
0KnFozQokU6EtpRGgPrLaX,ProdByWalkz,20,"['anime drill', 'uk drill']",8293,anime drill,uk drill,,,,,,
4on53ORBym2GEnRhIptZwy,Da Les,37,"['kasi rap', 'south african hip hop', 'south african trap']",67948,kasi rap,south african hip hop,south african trap,,,,,
0H2QF2FsvaoetjT94dFn0z,Lana Medicine,0,[],10,,,,,,,,
45dkTj5sMRSjrmBSBeiHym,Tate McRae,82,['pop'],5667868,pop,,,,,,,
4TYgLoy7SFHcT01h68gNng,Kikyoo,0,[],0,,,,,,,,
246dkjvS1zLTtiykXe5h60,Post Malone,91,"['dfw rap', 'melodic rap', 'pop', 'rap']",44758402,dfw rap,melodic rap,pop,rap,,,,
71nBJlfxM4yxv0XCC0jjXI,NeoTwins,0,[],1,,,,,,,,
1Ok1VzmUGt4E1DDNol44GH,Lemonade Mouth,0,[],47291,,,,,,,,
1KYszkVzlhV3rAqmAcYIgd,Victorious Cast,58,['post-teen pop'],2029177,post-teen pop,,,,,,,
6RG7dWL2KEAA68dAV11yrD,Mafalda Creative,11,[],4419,,,,,,,,
0yP2fHI9g6iIwpj2EPNT82,Quantum Wizard,0,[],24,,,,,,,,
6VuMaDnrHyPL1p4EHjYLi7,Charlie Puth,80,"['pop', 'viral pop']",23038785,pop,viral pop,,,,,,
12jchn2m3OtBqSECq2D2nh,Nol.Doe,9,[],2149,,,,,,,,
0GWCNkPi54upO9WLlwjAHd,Big Time Rush,63,"['boy band', 'pop', 'post-teen pop']",2640079,boy band,pop,post-teen pop,,,,,
6xPygbHVDK8zs3fsZDD1r9,Hbdap,0,[],22,,,,,,,,
4VhL8KLjVso4vLfOLVViTb,Bridgit Mendler,60,"['pop', 'post-teen pop']",1327933,pop,post-teen pop,,,,,,
67dmQgIK9o6VMYRpUSMHx8,Elaijah,0,[],88,,,,,,,,
5Dx4bvCuqjFyztRUYn82C5,Loose Passenger Seat,2,[],201,,,,,,,,
4iQHkms1GjFd7pjSHqs68B,Cast Of 'Camp Rock 2',0,[],53600,,,,,,,,
1McMsnEElThX1knmY4oliG,Olivia Rodrigo,87,['pop'],38303134,pop,,,,,,,
2gUMs9PE8XZVQyzCDqaYmW,High School Musical Cast,62,"['movie tunes', 'post-teen pop']",1402583,movie tunes,post-teen pop,,,,,,
2jeaDjgdXnEnbLYgwbzTFb,Terry Kingsley,0,[],2014,,,,,,,,
0C8ZW7ezQVs4URX5aX7Kqx,Selena Gomez,81,"['pop', 'post-teen pop']",50638236,pop,post-teen pop,,,,,,
7g2JLH7LgekNTTrICBebrY,Darling Dave,0,[],1,,,,,,,,
7wbnKaU2yOAKkBdXED432f,Axel Stephenson,40,"['belgian dance', 'old school hard trance']",776,belgian dance,old school hard trance,,,,,,
7z5WFjZAIYejWy0NI5lv4T,Dan + Shay,70,"['contemporary country', 'country', 'country road']",3178641,contemporary country,country,country road,,,,,
4g40XqHPFas1kRFojIvM6j,Wild Ride,0,[],88,,,,,,,,
7iqGNIAJsAtAqIERgdqAYy,Songfinch,27,[],6163,,,,,,,,
4bHqIHNtic2x8l7hAv8mJT,Map Of My Mind,47,[],77,,,,,,,,
1sRPs3oqS2QCtA5zu56K6U,You & I,6,[],252,,,,,,,,
7nU4hB040gTmHm45YYMvqc,Hannah Montana,62,"['pop', 'post-teen pop']",4768266,pop,post-teen pop,,,,,,
2qFOYqFxPaIwEnffVhJhEn,The Dip,59,['retro soul'],164207,retro soul,,,,,,,
6JV9OrfLS1nkVkAYl0naok,Nello Taver,41,['italian hip hop'],67184,italian hip hop,,,,,,,
6dJeKm76NjfXBNTpHmOhfO,Selena Gomez & The Scene,67,['pop'],9896382,pop,,,,,,,
3tRO4frDbsgRK8JJe1nJ0n,Magic Squad,2,[],138,,,,,,,,
5Jb1MWUJYwgWWA2C1Tre6t,DJ Money Gloves,0,[],11,,,,,,,,
3337vxlnnLe8Fp4gxoN0Bu,D!do,0,[],28,,,,,,,,
3QQJNAFNyBeuTeEv1tvhqu,Shordy Montana,0,[],25,,,,,,,,
57WHJIHrjOE3iAxpihhMnp,Louis Tomlinson,63,['pop'],7088934,pop,,,,,,,
1fUscQ7sTQgPiO7JuYCua0,Baby Aktive,0,[],14,,,,,,,,
2xRfszw5fvm0NB7DmlkYoI,69 Robot Tom,2,[],28,,,,,,,,
79wWiG5jeNxAR4b6DUH7nW,TheRealLilMic,0,[],189,,,,,,,,
4aLPgstFQE8uhsLZuKBRyX,Christian Van Ham,0,[],24,,,,,,,,
66PFW3QhznQLBO4DXnYVdo,Dance Hitz,0,[],253,,,,,,,,
4YNEnJKl3KmtBddUPTIxpb,Anonims Maker,0,[],11,,,,,,,,
60ZGP1SQGfyvgAlF9XUnGn,Tim August,0,[],22,,,,,,,,
5GLH8VrpvLvfYMwPaJFq1u,Kache99,0,[],26,,,,,,,,
4LKmyJIjYsLLAmtq8mUqCv,Tarab Music,0,[],29,,,,,,,,
0lXrr5h7QgSA42b9m3k5O8,Alex Molinary,0,[],141,,,,,,,,
7HQtrnAVfxNJMDrZMhbmaw,Ninswobe,0,[],12,,,,,,,,
0rjEWiTId033H2Uf6S94gQ,Standing Grains,0,[],41,,,,,,,,
5cGavOpYqZC3Vo1R7WjDZl,FORGOTTEN ONE,9,[],5666,,,,,,,,
2PKmUsYAWBQbSSHhBKB4Se,Tru-One,0,[],30,,,,,,,,
57Sz9E0ZTaHu3zFBkoxY22,S.One,0,[],11,,,,,,,,
3KwmxIhSe9UTSEF37kwngR,SHAED,56,['electropop'],177746,electropop,,,,,,,
2IguR2NTF6NBDgBFPN5gw3,Sondji,0,[],1,,,,,,,,
5x0eOPbyOpQY5gpmL1x2Az,Quite Rob,0,[],5,,,,,,,,
1TpXFTRji6OtOrX061RT9F,New Direction,28,['gospel'],33666,gospel,,,,,,,
78V4VSeTHIkR4s00rxi3Ke,The One Direction Unicorn Riding Club,0,[],4742,,,,,,,,
69ucF6ih8g3QgFaPJQDdLM,one of modesty,0,[],5,,,,,,,,
79AP0Mfl9kfd0HbOGZ9UVO,One Eyed Lady & Slim Bones,0,[],1,,,,,,,,
1zNqDE7qDGCsyzJwohVaoX,Anne-Marie,78,['pop'],12039828,pop,,,,,,,
16Vxx9YXLvMYSadcQVcofS,7 Chakras Playlist,8,[],59,,,,,,,,
5rSXSAkZ67PYJSvpUpkOr7,Backstreet Boys,76,"['boy band', 'dance pop', 'pop']",5776443,boy band,dance pop,pop,,,,,
6Ff53KvcvAj5U7Z1vojB5o,*NSYNC,75,"['boy band', 'dance pop', 'pop']",2486938,boy band,dance pop,pop,,,,,
04ghPeu9Wovz1UpSN0LVWm,Mintech,1,[],633,,,,,,,,
0WQTidy0Scz2doSPAeZ78G,Kimmi Smiles,19,['neon pop punk'],2688,neon pop punk,,,,,,,
4KmYF97a5PVDFVjLg4S2pC,Radiant Sequence,0,[],8,,,,,,,,
0ytbVMei74be9tZ9DWiFP9,Irène Schweizer,13,"['avant-garde jazz', 'free jazz', 'modern free jazz', 'swiss jazz']",1593,avant-garde jazz,free jazz,modern free jazz,swiss jazz,,,,
2a05PhYL7NCpSYFZnysrf1,The One-Eyed Show,0,[],118,,,,,,,,
75J7BYbQY3qfVdQh1BMPbZ,Division One (KR),22,[],814,,,,,,,,
6eUKZXaKkcviH0Ku9w2n3V,Ed Sheeran,87,"['pop', 'singer-songwriter pop', 'uk pop']",115083869,pop,singer-songwriter pop,uk pop,,,,,
4mIX5f6KHDQBP1hbwdHDZv,Lamelot,0,[],20,,,,,,,,
3cOY6XMFQ12Q0D6Xif7BZh,Ronski Speed,31,"['progressive house', 'progressive trance', 'trance', 'uplifting trance']",28123,progressive house,progressive trance,trance,uplifting trance,,,,
1gUfn4t4GzgwunzkJODHCE,The Great Bertholinis,1,[],330,,,,,,,,
05OHCWoZE1eERwTpeCW4xZ,Death Blossoms,13,['metal cover'],1386,metal cover,,,,,,,
6IE6z7DcZIT4Ml3Fh5Ivch,Selena,71,"['mexican pop', 'tejano']",3834130,mexican pop,tejano,,,,,,
1wSLqKGKyRUnpf65pir8L6,The Cat and Owl,14,[],1,,,,,,,,
0wo36Kk5qwivSHPfDxW5m3,Tangible Feelings,13,[],245,,,,,,,,
4sTQVOfp9vEMCemLw50sbu,Galantis,71,"['dance pop', 'edm', 'pop', 'pop dance', 'progressive electro house']",3370965,dance pop,edm,pop,pop dance,progressive electro house,,,
2yXtyhscuiX4SWRqd4ZUzv,歌っちゃ王,36,[],22244,,,,,,,,
6A1BtswmQRrMOo8JMhEgjr,8th-Light,2,[],60,,,,,,,,
1LvuiIaU1ghVepDULy6TIR,BlokkaThaDead,0,[],30,,,,,,,,
7MdzEOkgx53YFfwFk7xwsQ,Skam One,1,[],68,,,,,,,,
55KEastzqNSiouHKruhlGt,Nocturnal One,0,[],18,,,,,,,,
7FfN5Iq1C870Bwe47G0vfN,Only One Direction,0,[],1379,,,,,,,,
1dJerzdRDZnTJrgw8BvxgA,Fun in One Direction,0,[],736,,,,,,,,
72fQWyXObQBgUIUejMo6js,Molotov Cocktail Piano,32,['piano cover'],8046,piano cover,,,,,,,
4Xx6QMLTWppMwdABkN0Afj,Piano Tribute Players,50,['piano cover'],56771,piano cover,,,,,,,
5MouCg6ta7zAxsfMEbc1uh,OMI,68,['reggae fusion'],623174,reggae fusion,,,,,,,
3AoiBjr0pSGswX96XxEgH7,Guitar Tribute Players,49,['classify'],28222,classify,,,,,,,
4oRyLnxDdIzd2POQfX9Drd,Piano Dreamers,46,"['classify', 'sleep']",25568,classify,sleep,,,,,,
4ntkql3f3ect7NDRUJ7aAY,The Cheetah Girls,47,"['girl group', 'movie tunes', 'post-teen pop']",851684,girl group,movie tunes,post-teen pop,,,,,
3iZeFICvrWtcxC8xz2JR2K,XtoxicOverdoxe,0,[],5,,,,,,,,
14nZQ1ULEI3173NGQi1j9G,WXGHT,2,[],21,,,,,,,,
3Caahidn12IlQTjjC2UpAS,Mari la,0,[],0,,,,,,,,
31SBgHxc8eqZUk9MdveH42,PREP,52,['chill r&b'],293052,chill r&b,,,,,,,
4GSoY8h1C3d16eNIFHPAgg,Dj Zent,7,[],369,,,,,,,,
2KD9G17fi98Q78GDX3prlz,John Strotman,0,[],12,,,,,,,,
3b0FZ0avKzKFw9ZEJacpx0,Vic Carnes,43,[],85,,,,,,,,
7ELh445BAwNT5jtqltXyx2,Bono G,1,[],39,,,,,,,,
3lhNs77yUQaGPiNIuF5Lso,K2efx,0,[],16,,,,,,,,
1LOLwK0qm0RqaHoThDoZLm,Money's Worth,0,[],2,,,,,,,,
7ee5zNHcsHdrAxE3B4v7Aj,室岡裕介,0,[],2,,,,,,,,
3PvAjSE6jtMcJfFypzEpt3,Tammie Lynn Jones,0,[],2,,,,,,,,
3U3VyQ17fOlbtjIGoZ5lKw,Tribute Stars,11,[],451,,,,,,,,
7wWToUIaO58u04tteIAIMw,EntertainMe,0,[],13,,,,,,,,
0ufTcMMKPqmiDGKZCA8oDs,Dubstep Hitz,22,[],51136,,,,,,,,
2bfYXrwQLjTzskzhVkMnh7,Lorenzo Bianco,0,[],39,,,,,,,,
7kjwVqSLLDWdcIzGbNrqxS,Nilson soares,0,[],1,,,,,,,,
3OnFp0J4Ipk61x8QTreXHi,Jessie Ann,0,[],0,,,,,,,,
0x8uICkndw1IM5a1h5Prfa,JJ Revival,0,[],18,,,,,,,,
46Ii49KGTckWh6cx3wObIo,Karaoke All Hits,17,['karaoke'],1999,karaoke,,,,,,,
6uJxE3Nx54bGEmOMsZ2RPB,Tribute Team,0,['fake'],15,fake,,,,,,,
6lleSq8jhlTKsIH0GeGSM4,Ashton Foster,28,['piano cover'],250,piano cover,,,,,,,
0ercxNSpB9vFngGphxkjJF,Karaoke Hits Band,6,['karaoke'],555,karaoke,,,,,,,
6luvHB2gkRdRlNvcQSLmxQ,Ameritz Top Tracks,15,[],1193,,,,,,,,
1E9DBDUrRyU1rOXXj6xQOh,2010s Karaoke Band,10,['karaoke'],597,karaoke,,,,,,,
2ZRQcIgzPCVaT9XKhXZIzh,Gryffin,68,"['edm', 'pop dance']",961279,edm,pop dance,,,,,,
72anORkQ1Vf7j1LedlMVHj,Party Hit Kings,15,[],9760,,,,,,,,
6bwIrnnuFWva1wqbOFAg7T,Sing2Piano,39,['vocal resources'],65229,vocal resources,,,,,,,
2bkowXaQPxPRmDOyN7acu9,High Frequency Karaoke,27,"['fake', 'karaoke']",1606,fake,karaoke,,,,,,
37zyPTjLCL7dZiaUfhIlpd,Music Junkie,10,[],614,,,,,,,,
6pxlau9PGA7rC0KhOMsVAx,Ameritz Audio Karaoke,25,['karaoke'],1509,karaoke,,,,,,,
1QRj3hoop9Mv5VvHQkwPEp,Olivia O'Brien,64,"['alt z', 'pop']",2050449,alt z,pop,,,,,,
3pZOydOsl70zaC96IJsQN6,Clara Oaks,18,['german country'],1181,german country,,,,,,,
7a2AgzWfEyFkgSAXjLe4T3,Karaoke Universe,15,['karaoke'],2173,karaoke,,,,,,,
6YqNwuxk4YkqwAcsFvyg21,Ultimate Party Jams,19,[],8751,,,,,,,,
6aLDS9oOXpit8wJTtueP8g,Ameritz - Karaoke,23,['karaoke'],9158,karaoke,,,,,,,
2Nk9qNfBDH0qIzS1PLbz0E,Thomas Harris,0,[],497,,,,,,,,
5um0tGaoeKhLVjLjPFG0UX,Unnholy,38,"['ambient lo-fi', 'hardwave']",2739,ambient lo-fi,hardwave,,,,,,
433NiNdlNVl7aiJiFSsdA2,Ameritz - Tribtues,0,[],49,,,,,,,,
6tKuzDCD7bsOOvV5cF2fID,Ameritz Tracks Planet,12,[],139,,,,,,,,
0TImkz4nPqjegtVSMZnMRq,TLC,70,"['atl hip hop', 'contemporary r&b', 'dance pop', 'girl group', 'hip pop', 'r&b', 'urban contemporary']",4050365,atl hip hop,contemporary r&b,dance pop,girl group,hip pop,r&b,urban contemporary,
3CtgjasLNN3Ym8SHm5JuJn,Singer's Edge Karaoke,23,['karaoke'],1877,karaoke,,,,,,,
2JPYk32tmcd6Wu0XeznnO3,Karaoke World,3,['karaoke'],364,karaoke,,,,,,,
66BZN51PJ5k6bam5jpNCTF,Starlite Karaoke,25,['karaoke'],2312,karaoke,,,,,,,
2BbU5NVZqd25RwDicCtu3H,MEDEIROZ369,0,[],18,,,,,,,,
5hcVCq6HXN9QBGS3QTmUOx,Meditative Music Guru,21,[],902,,,,,,,,
2IrKT2w2AEJz6xgFSEepsv,The Afro-Blues Quintet Plus One,1,[],199,,,,,,,,
3oSJ7TBVCWMDMiYjXNiCKE,Kane Brown,76,"['black americana', 'contemporary country', 'country', 'country road']",5487580,black americana,contemporary country,country,country road,,,,
7iFUYe1KDzmMGlvCSbL6nw,Paris Music,32,[],3045,,,,,,,,
0YY9AcR6qdIvAzz289aliv,Vides Sounds,0,[],249,,,,,,,,
6RVDDk1pgh5wMKb1f6Rg0E,Relaxing Piano Covers,21,[],7190,,,,,,,,
4mYFgEjpQT4IKOrjOUKyXu,Wheatus,62,['pop rock'],217621,pop rock,,,,,,,
3nJgNmwjVTHDH4HcrTQm80,Flies on the Square Egg,18,[],963,,,,,,,,
37tDZAbgcfTyqn6JZdTjaz,Music Box Mania,21,['music box'],2539,music box,,,,,,,
1s25YudYTrIRBOSsj917K7,One Desire,32,"['finnish hard rock', 'finnish metal', 'melodic hard rock']",25916,finnish hard rock,finnish metal,melodic hard rock,,,,,
3ROJ7IYYvhfVgGofGJTpqu,Aury,0,[],748,,,,,,,,
5Uspdg4EAuwEHmjPtQD8NP,guitar girl,43,[],1074,,,,,,,,
10XUlQtxGQTJAPJlRN5aF0,Ameritz Karaoke Planet,6,['karaoke'],469,karaoke,,,,,,,
0FQnTKF71zmqOzMB1ulput,ProSound Karaoke Band,28,['karaoke'],17557,karaoke,,,,,,,
2u9frWIiYDBQj17ywfc2xb,2014 Pure Soul,1,[],18,,,,,,,,
74ASZWbe4lXaubB36ztrGX,Bob Dylan,72,"['classic rock', 'country rock', 'folk', 'folk rock', 'rock', 'roots rock', 'singer-songwriter']",6544090,classic rock,country rock,folk,folk rock,rock,roots rock,singer-songwriter,
4fx8onbc9TMMVdsf8U9Wqz,karaoke SESH,23,[],3038,,,,,,,,
5UloVKzUNJcjORzhhTWWiJ,The Karaoke Channel,31,['karaoke'],26489,karaoke,,,,,,,
0IqjJsWlAPR2IafHTtnjPQ,Minnz Piano,56,[],50142,,,,,,,,
5dbp35H47nfmTAmCvg7El7,Karaoke 365,2,['karaoke'],215,karaoke,,,,,,,
6LYGxFCmlJvAG6loQiNeox,Cover Pop,18,[],10761,,,,,,,,
4oUHIQIBe0LHzYfvXNW4QM,Morgan Wallen,91,['contemporary country'],10208090,contemporary country,,,,,,,
2QQVBYuFqkbV1je2L9aV1Z,KaraokePro,28,['karaoke'],4676,karaoke,,,,,,,
0znpFLuaey34oJTE1jHSnT,Alexander Stewart,64,['singer-songwriter pop'],1048929,singer-songwriter pop,,,,,,,
5oGtApbPvBywGEtRHSPOmp,Kiss You,0,[],72,,,,,,,,
3Nr8EAmJ6b95ydy2o8h5vd,Zoom Karaoke,31,['karaoke'],4194,karaoke,,,,,,,
6jEiUoyyJNPHzSR0Nib6HX,Walk off the Earth,60,"['canadian rock', 'pop rock']",786010,canadian rock,pop rock,,,,,,
44cKQebHhK8xv5yG1V7axj,Karaoke Charts,6,['karaoke'],202,karaoke,,,,,,,
5AgbFoLXsXDgoSkYlS4UDU,Karaoke Freaks,20,['karaoke'],2248,karaoke,,,,,,,
4tHqkqP0DCD8Ek5OPvYTzH,Audio Idols,30,[],3894,,,,,,,,
0GQkTwFb7D3ePIpnxwYavf,Done Again,42,[],28167,,,,,,,,
5RLEevluODNXyRkSZtbQyp,Sing2Guitar,25,['vocal resources'],13290,vocal resources,,,,,,,
2FzRIgy8TKHslIMxvJr1s7,KaiChi,12,[],1043,,,,,,,,
2rYYxPnTACfVyjNNMqvH19,Ameritz Music Club,1,[],35,,,,,,,,
5SGcDw3QfljnD6NQ4JuhJR,DJ Covers,7,[],465,,,,,,,,
7ihHolAdjjtkPQNBV3dwwX,Ameritz Digital Karaoke,17,['karaoke'],1093,karaoke,,,,,,,
5T0tLYHuLlEQ9ng3itmnrn,Music Waves,11,[],493,,,,,,,,
7E03HXnm4pbRfW6O1tVFIL,Chart Stormers,15,[],180,,,,,,,,
0ouvNQ3dhZP8pyPHngaS9U,WoodenSound,41,['acoustic guitar cover'],722,acoustic guitar cover,,,,,,,
5Hc9oDGvStNGmnj44m8sHg,Tyler Ward,49,"['acoustic cover', 'viral pop']",283711,acoustic cover,viral pop,,,,,,
375lksA8uQFlTtRisaFtma,Best Song Ever,0,[],1657,,,,,,,,
1Vvvx45Apu6dQqwuZQxtgW,Kidz Bop Kids,66,"[""children's music""]",1226355,children's music,,,,,,,
2mAAO54PkHr3NjdlRpzEDl,Kelsy Karter & The Heroines,43,['alt z'],83163,alt z,,,,,,,
3LWmvwHG1zUmc35hPCzrW5,Pro Instrumentals,7,[],169,,,,,,,,
43qKQ4MSOdujat62jliGhf,Dance Skool,8,['fake'],108,fake,,,,,,,
6zQlhM6cyJRrzuqAbB8PlB,Egg,47,"['pixel', 'pov: indie']",298776,pixel,pov: indie,,,,,,
2ZwgLN6kgpEE9l3qdS6eWW,Complete Karaoke,0,[],28,,,,,,,,
3RwQ26hR2tJtA8F9p2n7jG,The Temptations,68,"['classic soul', 'disco', 'memphis soul', 'motown', 'soul']",2966341,classic soul,disco,memphis soul,motown,soul,,,
776Uo845nYHJpNaStv1Ds4,Jimi Hendrix,69,"['acid rock', 'album rock', 'alternative rock', 'classic rock', 'hard rock', 'proto-metal', 'psychedelic rock', 'rock']",6789774,acid rock,album rock,alternative rock,classic rock,hard rock,proto-metal,psychedelic rock,rock
7eywWjYihBODUacQueLfIZ,All Hits Singles,2,[],88,,,,,,,,
0funRLPi16euqOaGIN1uuB,Sing Like The Famous!,3,[],184,,,,,,,,
1WDVM4rBdKu6nHeJ6hQMN9,2014 Golden Cove,8,[],297,,,,,,,,
5mB5PFBw1VXskpZExwSupJ,V8 Karaoke,5,['karaoke'],27,karaoke,,,,,,,
62nk4ZadwcIMjDFgFxFaYM,Backing Trax Pro,1,[],46,,,,,,,,
1Lq318tAYOGZJU3Uhp70Oy,Mike Reid,19,['deep contemporary country'],3950,deep contemporary country,,,,,,,
4MBhcPOdlrMsmhLC4tOKs6,Instrumental King,21,[],2294,,,,,,,,
10Z7WzKMeIdNBKexi1YarP,Fame on Fire,56,['post-screamo'],293452,post-screamo,,,,,,,
07inpBrD0DNy3GyK6hT4Tc,Freshhead Karaoke,0,[],16,,,,,,,,
5eOyDcFvvdc7D7BD6gCdsi,Direct,41,"['chillstep', 'gaming edm', 'melodic dubstep']",34707,chillstep,gaming edm,melodic dubstep,,,,,
5Ukp9WoN2OXBUyTCQzm95f,Track Masters,2,[],788,,,,,,,,
58O8UPrTdl4u2buM0skj94,Harrison,51,[],22497,,,,,,,,
06gFz5COXZyqEKGPRdLG1p,The Wedding,18,"['christian alternative rock', 'christian punk', 'christian rock']",14552,christian alternative rock,christian punk,christian rock,,,,,
5ViORA1xMSmL77eTxmzZPZ,Cover Guru,20,['workout product'],3727,workout product,,,,,,,
3EQFVjxs20yJaIPoA2GCcl,LaDirectrice,40,[],4493,,,,,,,,
6uuHbnHkIFg7anb3I1TVUq,Only Hits Group,2,[],176,,,,,,,,
7siG4IFihXuKXMYMm7LLO7,harry norman,11,[],87,,,,,,,,
267YCbNiTtCioQdTkyx2FG,Big Papa,0,[],164,,,,,,,,
4jE1yavE4c5IR1hhM4wHhY,No Guidnce,45,[],103058,,,,,,,,
6AfyI4r2nHRq28uPFWE5Ks,Monster Bass,1,[],350,,,,,,,,
4ehtJnVumNf6xzSCDk8aLB,Martin Jensen,60,"['danish electronic', 'edm', 'pop dance']",1282703,danish electronic,edm,pop dance,,,,,
4o0pNHbyj36LPvukNqEug0,The Maine,57,"['neon pop punk', 'pop emo', 'pop punk', 'tempe indie']",568207,neon pop punk,pop emo,pop punk,tempe indie,,,,
5WZPs6tH4FkL4dSue5h5Ky,Midnight Memories,0,[],4,,,,,,,,
6S58b0fr8TkWrEHOH4tRVu,Switchfoot,59,"['ccm', 'christian alternative rock', 'christian music']",697739,ccm,christian alternative rock,christian music,,,,,
69oDjsu394qtIi0Y20gPRD,Matty Greg,20,[],2618,,,,,,,,
0EDfq7L0TIr4tUZ55ipOvo,Music Ministry,0,[],49,,,,,,,,
7rDqph9mwFmWMkrEPkp3dd,Alex Hager,8,[],1139,,,,,,,,
0RlpGCEuMFGfK0VmAeVgUZ,New Kids In Town,8,[],527,,,,,,,,
3Fq4DGCVw2eZ3B5YkHce0Q,New Direction,7,[],174,,,,,,,,
3sisQXKNieiAyRns3ogZjU,Heart Music,3,[],136,,,,,,,,
2n82QL8VldFW93jLEAKeFn,All The Best Tributes,0,[],17,,,,,,,,
1peoXq0RPx7czVoFjloeDQ,MAVI,59,"['chill abstract hip hop', 'indie hip hop']",190981,chill abstract hip hop,indie hip hop,,,,,,
3q95ZE5xzaMXCaDTUx6mxK,High Level Karaoke,7,['karaoke'],54,karaoke,,,,,,,
1iGwHlKgQKtdrtzmlwZ71U,Nico Collins,51,[],225836,,,,,,,,
23UpxIZPTXkfbwPW14uQKK,Pop Royals,23,[],6950,,,,,,,,
6ZpnY5vJa18Xadgq7p7Kcx,VANTAGE,0,[],13,,,,,,,,
4jlauMIdsnwtCn8RkkurYB,2014 Loud Speakers,0,[],37,,,,,,,,
1z6xb7fWEynx9m92JVA8ZR,Annapantsu,57,"['otacore', 'pixel']",325335,otacore,pixel,,,,,,
0HOmszVbjYDkVPcEx3ew2z,Radio Waves,3,[],201,,,,,,,,
7gAppWoH7pcYmphCVTXkzs,The Vamps,65,"['boy band', 'pop']",5859372,boy band,pop,,,,,,
3gcSuUUfdsSujQST0J99d8,Karaoke Galaxy,8,['karaoke'],493,karaoke,,,,,,,
68cMZJhvfWS6TxgvU3X2SP,Maxy K,0,[],30,,,,,,,,
4Rxn7Im3LGfyRkY2FlHhWi,Nick Jonas,63,"['dance pop', 'pop']",10036207,dance pop,pop,,,,,,
29WLzbIMjy3IUKdxoWNcT8,Beatz Tunes,0,[],8,,,,,,,,
6oWOHAOyBUn6aJlKIPJK9r,Leah Kate,56,['alt z'],232619,alt z,,,,,,,
6LoKit4DDs8rFiyCO31PRl,Jade,22,[],81,,,,,,,,
12Hr2Cuett7b5EnUajN8zD,Karaoke Time,0,[],51,,,,,,,,
6nS5roXSAGhTGr34W6n7Et,Disclosure,76,"['edm', 'house', 'indietronica', 'uk dance']",2213309,edm,house,indietronica,uk dance,,,,
00xtj0ItFK8vjtTf0T40Iz,Pop Beatz,7,[],351,,,,,,,,
5PhrnZ3hSSXib9XpytIcyz,The Story Of My Life,1,[],1887,,,,,,,,
2MSlGNpwXDScUdspOK6TS7,Home Free,54,['a cappella'],399213,a cappella,,,,,,,
1DvmIR3aViVctPnJDuYKup,HeyNikko,6,[],0,,,,,,,,
75ois9nn8xMuOgVk2oCN1C,New Rules,43,['singer-songwriter pop'],93034,singer-songwriter pop,,,,,,,
7lyFnmwdljC7LAYoevitPZ,Metro karaoke,2,['karaoke'],181,karaoke,,,,,,,
5YtALt2b0y1FOSMe5NyiRM,DJ GreyttBlack,50,['sped up'],14641,sped up,,,,,,,
7cZLd2NarLTHk8ZXrWgNsC,Karaoke Kingdom,0,[],24,,,,,,,,
1I9HNoVK6kOQGVZfulXVnm,TENDER,47,"['uk alternative pop', 'vapor soul']",146671,uk alternative pop,vapor soul,,,,,,
7EPM7qe31fyYvGYz4mHAad,Pop Legends,9,[],584,,,,,,,,
35E0TVL2PsphlXkVgUzyxc,Harry Marshall,20,[],6946,,,,,,,,
6FLroiEqFI7cVWznXyD3lA,Smooth Jazz Remixers,1,['fake'],333,fake,,,,,,,
7eRnQArFCgtlbSyagljXT5,Born Again Tributes,0,[],21,,,,,,,,
7BFDeIIBYjfFoRbTs1usKQ,Chart Hitz,10,[],929,,,,,,,,
3l4XY26vL0FKhljOFmnMny,Myke Grizzly,11,[],2484,,,,,,,,
57sVUbHm2z4eBvAnexnZEG,Styles,27,['country pop'],3991,country pop,,,,,,,
4FfzCOkQQP7qwgdPQfsqnl,HQ INSTRUMENTALS,6,[],242,,,,,,,,
2K7ajrQVgS9eXO8fPGuisc,Nath Brooks,26,[],4959,,,,,,,,
3sngPu0MBGNnFVIWRCq1I9,Dionny,0,[],0,,,,,,,,
5a7oQbTAWwsDG2cpqf3aUA,Deluxe Works,1,[],23,,,,,,,,
5ERN31YaTCf5K7SRUTgOgm,The Key of Awesome,29,"['antiviral pop', 'parody']",28984,antiviral pop,parody,,,,,,
5ZriKcqfMbukob27Q2Vi5B,main character melodies,47,[],5773,,,,,,,,
0sHCumGXW735MbJjpEzTCs,2014 Maestro Karaoke,3,['karaoke'],45,karaoke,,,,,,,
677rjvUtatHCLSKDo2c9VY,Kausak,37,[],10433,,,,,,,,
7CXAzWBkeiFsVKw7uzSmVV,Joel Christopher,5,[],226,,,,,,,,
0Kc3agOOsLxxscl8dcOPTn,Eli Lev,25,['dc indie'],18214,dc indie,,,,,,,
1KElVV8FjjrkNpplxCRuME,JWS,16,[],1537,,,,,,,,
5wKBeriDdjdRCdevMij7cz,Digital Giants,0,[],5,,,,,,,,
6p48NNhfNsSSSI63ErS7xf,2014 Chillout island,0,[],42,,,,,,,,
04C2Gmsgst4VbjpVgRBSz1,Tacita,0,[],114,,,,,,,,
6A0fDIT1PphHIsNz4KfIK0,Ameritz Karaoke Entertainment,20,['karaoke'],1339,karaoke,,,,,,,
4rn0Y34cI8I7P2JPr87KPi,This Is Popstarz,3,[],145,,,,,,,,
7kKKXEMY4NdyUGDXzNOr8y,Young Boy Band,0,[],3,,,,,,,,
4qeUQIFRFbUsTZcZDCFq3a,SP33CH,7,[],35,,,,,,,,
15iMtJbJKXK6CtYwhg1oTR,Baby Rockstar,23,['lullaby'],1476,lullaby,,,,,,,
4e4BtSmUjgfvMZvJ01jkJP,Karaoke NYC,17,['karaoke'],229,karaoke,,,,,,,
2zjE9cJ3kHlWZDCNyOwXZf,OMJamie,38,['pop violin'],166487,pop violin,,,,,,,
5kGijxGN1NilTlN59MMKU2,Lauryn Evans,24,[],4531,,,,,,,,
52GswOxOCBxD47w9hstAj0,Pro Tracks Deluxe,0,['fake'],43,fake,,,,,,,
6VkNuqb1g6daxT3W3brUYZ,Jared Dines,32,['latin viral pop'],78674,latin viral pop,,,,,,,
3uGxg6dAql87IzxiG07SMH,Urban Source Karaoke,2,[],39,,,,,,,,
331m5tLxS4H6mBbwO9hCXY,Luke Conard,23,['viral pop'],9648,viral pop,,,,,,,
0wNRzqau5kgRynxF70mxk6,DJ Remix,2,[],15224,,,,,,,,
1nBMbIFDgybZiTS0SOj6Wa,Olivia the Band,5,[],1598,,,,,,,,
3ZTcBbm31RFUaoTeFAuiJF,Genavieve Linkowski,50,[],20161,,,,,,,,
6VlE82AXyZhHEo87D6C1RH,Kid On The Block,53,"['chill house', 'tropical house']",3479,chill house,tropical house,,,,,,
05U0pn6JuVsRLd5xD8eP1V,Dreamy Sugar,44,['lullaby'],2950,lullaby,,,,,,,
4EzkuveR9pLvDVFNx6foYD,James Bay,70,"['neo mellow', 'pop', 'uk pop']",4018710,neo mellow,pop,uk pop,,,,,
0pCGA9tdtbWwo1pKIs0CFx,Different Heaven,48,['gaming edm'],179106,gaming edm,,,,,,,
4USFzlJddHfaZpNeXN0JPn,The Future Hit Makers,29,[],6895,,,,,,,,
0W29e000u0O1XvoBzM1ToV,Cherry Zard,41,[],746,,,,,,,,
2XNR81Jr6FTvHVfareZ1cO,Pete Coppard,14,[],513,,,,,,,,
5FuXrmOgtBTlGDUP1O41Ir,Herlin Riley,24,"['jazz drums', 'new orleans jazz']",3557,jazz drums,new orleans jazz,,,,,,
6R6DXuHYxkMv159D9OaS3C,One Voice Children's Choir,46,"[""children's choir""]",148366,children's choir,,,,,,,
6GIp6xe8kQvDvNdY7XHwEE,Nathaniel Torres,12,[],47,,,,,,,,
3e7awlrlDSwF3iM0WBjGMp,Little Mix,73,"['girl group', 'pop', 'talent show', 'uk pop']",12004461,girl group,pop,talent show,uk pop,,,,
7kj5LeFSSOnSCWOIYSSSzD,Josh Del,19,[],1668,,,,,,,,
0yIRvWLzgdD1tYS7wkVJlN,Karaokemedia,12,[],2037,,,,,,,,
1QfjByidqUrsRhcT3fpWTU,Lutan Fyah,48,"['modern reggae', 'reggae', 'roots reggae']",182067,modern reggae,reggae,roots reggae,,,,,
688VK2vkKy4yV0eTfMpn1e,Boy Band Nation,0,[],153,,,,,,,,
5hE928rKzyMW5IqBy0a060,Jason LaPierre,40,[],4411,,,,,,,,
5wpEBloInversG3zp3CVAk,Jeremy Camp,59,"['ccm', 'christian alternative rock', 'christian music']",1108078,ccm,christian alternative rock,christian music,,,,,
4anRYqTkD8v7aPj2sh3nqw,OneOne,17,[],1065,,,,,,,,
6QCbJtvJLGKvbpW0jC7BIn,aidenf7,20,[],1048,,,,,,,,
25dlFdCFzvnOA9P986sMx6,Ukulele Bros.,30,[],708,,,,,,,,
4UKPr1WdoxcRFfwTdPo4uo,Double Ignition Trax,0,[],18,,,,,,,,
3gIRvgZssIb9aiirIg0nI3,Jeremy Zucker,68,"['alt z', 'electropop', 'pop']",2268337,alt z,electropop,pop,,,,,
27r1pAc4W8YqAP1cHQNTbe,StreemTunes,28,[],1718,,,,,,,,
0a4yZ1oMMMOrwqZ6ROMu2k,tochirebecca,9,[],509,,,,,,,,
46mFShagVGedAtk3aIxg4l,White Knight Instrumental,29,['bardcore'],4045,bardcore,,,,,,,
4OxvOPeLvZWDxihwqtOC4D,boyband,26,['indie hip hop'],6696,indie hip hop,,,,,,,
72yJYLbGy5rY0CEXrgIZ8G,OneDice,0,[],144,,,,,,,,
43zBdqvEZLPat4qQHuPPP2,Shake Music,48,[],30932,,,,,,,,
0SPIGYYVeBBBr24KnrXoWh,Saige,11,[],199,,,,,,,,
06HL4z0CvFAxyc27GXpf02,Taylor Swift,100,['pop'],117523859,pop,,,,,,,
0PxEsj0rRk7BUGEUptZuW4,Mondek o Brabo,6,[],60,,,,,,,,
1m7V9rstnZ264nGJe9MDUq,Chilled Pig,62,[],25010,,,,,,,,
3Sa8UXoCsHF7fVk2IChOtx,Piano Covers,37,['piano cover'],1519,piano cover,,,,,,,
1A0WloDoRE88uUwo3wensY,Taylor Acorn,55,['singer-songwriter pop'],195196,singer-songwriter pop,,,,,,,
0DwbGCdaD8YLRiVUEiV70Q,Taylor Swift Piano Covers,29,[],3613,,,,,,,,
6MERXsiRbur2oJZFgYRDKz,Vitamin String Quartet,65,['bow pop'],728776,bow pop,,,,,,,
3p6my89rn8STAqtZohziRM,Matt Cooper,42,[],134821,,,,,,,,
3u2o3FFMkYgk2WPP7cURKl,Light,28,[],828,,,,,,,,
2DnQfq4eWIavK3RGuhiYOQ,Swift Keys,28,[],99,,,,,,,,
2qlvTZS8OkFRZi30S0D9E7,The Chillest,49,[],14977,,,,,,,,
7gXy60xRcwYujBFoYHnR2O,Big Red Machine,53,"['eau claire indie', 'folktronica']",159886,eau claire indie,folktronica,,,,,,
3J28FLi8jjXtUGWf69cP7I,Gardiner Sisters,42,"['channel pop', 'lds youth', 'viral pop']",113642,channel pop,lds youth,viral pop,,,,,
5f1cs8LexmMYbhNEIOsDLT,Taylor McCall,41,['south carolina indie'],28467,south carolina indie,,,,,,,
4hsODnHwgqmRM8ym63GA3S,Taylor S Brooks,51,[],24,,,,,,,,
2VURgzr9TpBmYJEqU25RUw,Sparrow Sleeps,49,['lullaby'],46843,lullaby,,,,,,,
77e42t56XLhmbo0qBL2fkb,Lullaby Dreamers,46,['lullaby'],5416,lullaby,,,,,,,
7gZ8kNeMcOD0Fm4b9xyOLX,R-Swift,27,"['christian hip hop', 'christian trap', 'gospel rap']",17498,christian hip hop,christian trap,gospel rap,,,,,
2UFdlp1s0QLPsmCIipe2jV,Acoustic Guitar Revival,27,['ukulele cover'],3470,ukulele cover,,,,,,,
3JoUmoM63KuouDsfPGyXyM,Billboard Baby Lullabies,40,['piano cover'],1767,piano cover,,,,,,,
0hYxQe3AK5jBPCr5MumLHD,Sugarland,55,"['contemporary country', 'country', 'country dawn', 'country road']",1926048,contemporary country,country,country dawn,country road,,,,
2fGFRGT4tt8o0ZxDyEUvFB,Everleigh Rose,19,[],30721,,,,,,,,
4NGAeafqorkBEwYlBZHnpt,Korina Bedoya,42,[],221,,,,,,,,
3Uobr6LgQpBbk6k4QGAb3V,I Prevail,69,"['alternative metal', 'nu-metalcore', 'post-grunge']",1513792,alternative metal,nu-metalcore,post-grunge,,,,,
2U2CPFvLeEDu2GnwOjwVDQ,Sandman DeMarco,17,[],46,,,,,,,,
30pF2pv50VXX6TgiMmKKjc,lonelyboy,49,[],28548,,,,,,,,
6TRj5grL3SgjzITEJyMOx5,Playing To Pitch In,43,['classify'],1310,classify,,,,,,,
23DhHJzAZA8q1WUa52UySA,Sean Redmond,23,[],9401,,,,,,,,
5WYUO5XLZ0wXfENyMdPgl7,Box of Music,48,[],9804,,,,,,,,
6OcKcmGusXOjKqLZSctJbo,The Lullaby Guys,42,['instrumental lullaby'],1623,instrumental lullaby,,,,,,,
09lgO1DVsncVfcbm2OnNMg,Relaxing BGM Project,59,['bgm'],13739,bgm,,,,,,,
2CCqizWr7RQhtABnxW9epA,Taylor Girlz,44,['trap queen'],217903,trap queen,,,,,,,
4dQ2K8hxSCtgogpqYpm4KZ,Big Kev,9,[],1057,,,,,,,,
6da3WdskCnA8MuenwoUG4O,Lo-Fi Dreamers,27,[],2972,,,,,,,,
2Z6O7eNM6QmVHmJDP2MBRw,Roma Symphony Orchestra,28,[],3127,,,,,,,,
1ylcY77FWeSVQKh5et1VGp,Music Lab Collective,50,['classify'],33793,classify,,,,,,,
2Q07VeywZl1U7Zbywcq30i,Hushabye Baby,29,['lullaby'],4076,lullaby,,,,,,,
5sL9hs1WOu84X3orfC5YQH,Silverlake String Quartet,22,[],1195,,,,,,,,
6AEIKVwB27miPI3uJxM4Dw,Pickin' On Series,42,[],91503,,,,,,,,
3E1yxE05BnQblIGuJ7yadK,Dream Baby,47,[],2244,,,,,,,,
00YTqRClk82aMchQQpYMd5,Our Last Night,62,['american metalcore'],1128358,american metalcore,,,,,,,
5ND0mGcL9SKSjWIjPd0xIb,Bowling For Soup,61,"['neon pop punk', 'pop punk', 'pop rock', 'texas pop punk']",1152949,neon pop punk,pop punk,pop rock,texas pop punk,,,,
0z0QAReD9ZD9jFugcn0G2g,Lex Bauman,3,[],535,,,,,,,,
480xKab3lUPhBBnCzlzqIu,Taylor Davis,48,"['bow pop', 'pop violin']",195108,bow pop,pop violin,,,,,,
1aCdxSdfOAMy5EoCL5fn1b,Amor Acústico,20,[],232,,,,,,,,
6roFdX1y5BYSbp60OTJWMd,Tim McGraw,71,"['contemporary country', 'country', 'country road', 'modern country rock']",4573130,contemporary country,country,country road,modern country rock,,,,
2JMtxA2S9SNUlqBlkDtXm6,The National Parks,48,"['folk-pop', 'stomp and holler', 'utah indie']",103579,folk-pop,stomp and holler,utah indie,,,,,
25XCTl59ukmhlDZ1cMkiUz,Retro Utopia,37,[],259,,,,,,,,
0UeobiVDEhMVvaUa5fBnbT,Rock the Cradle,37,['lullaby'],1578,lullaby,,,,,,,
4aKuEXqhHmIZKdDRkaPPKO,Matchstick Piano Man,46,[],3418,,,,,,,,
14nZ6eGQKlcMNukmSZsPs3,Chole Lawrence,35,[],80,,,,,,,,
57gx2H1JVhVLKjO6QRZY9y,Jude Rumer,2,[],84,,,,,,,,
7qRNFExHXMXcJtmjafPasi,intime,30,['lo-fi cover'],240,lo-fi cover,,,,,,,
5zPMvn8dlCZYQIcF9Mr6fE,h3yz3u5,2,[],14,,,,,,,,
01PoJWEFiX5K2TzYJKIygQ,RIANE,28,[],2040,,,,,,,,
5epeii4aAE7NXFsBkqoJxB,Remulak,36,"['chillhop', 'jazz boom bap', 'lo-fi jazzhop']",7169,chillhop,jazz boom bap,lo-fi jazzhop,,,,,
6yA7evyn4y17zrfCiqZDTp,Piano Echoes,45,['japanese instrumental'],6278,japanese instrumental,,,,,,,
1VynTFO9AVlwqIDGYvi1wS,Philip,35,['piano cover'],1531,piano cover,,,,,,,
2hBvqTRiOrCIyQDgsBDh9O,Night Water Project,16,[],152,,,,,,,,
5hAOYR6UFMrljNHzvH3vfh,YOUTHYEAR,22,[],1921,,,,,,,,
3mnpcqSRKNnYBXjUKyZxe7,Max Espinelli,13,[],199,,,,,,,,
5dsNnP835s6tzQtSZIi6UJ,Lemongrass Breeze,35,[],340,,,,,,,,
3OGj4jFXF7Cw4ORWS7T3ra,Taylor Swift Facts,1,[],485,,,,,,,,
610WQgwSmLL0U2wQzZdrqY,Freshy Kanal,35,['anime rap'],12467,anime rap,,,,,,,
2ku7NHlU0EVeHhu8kDNFnm,Lily Lewis,5,[],6,,,,,,,,
2TYqHBcyFerPMqLBLGL4q1,Kill Frenzy,19,['belgian edm'],10683,belgian edm,,,,,,,
404IhfE1Xt5s4uqvEhFhC6,Christen Cooper,9,[],1835,,,,,,,,
2hEndih7yiznzkJ5812X7n,Dreaming Melodies,15,[],38,,,,,,,,
5WwVhFK3J7CWQn30hZ8GPb,Twelve,45,[],3566,,,,,,,,
66iD0Qj7UsBR2ZJuyBu5lj,Mo P.,34,[],7759,,,,,,,,
7liBmb2BzlaNhqkBsNgVEB,Swift,14,[],2804,,,,,,,,
4XPdC2DO8VjCcTaqBcl1DB,DTOJAI,17,[],35,,,,,,,,
5zcgTnL7jjir7HRsDfGgZM,Taylor*,18,[],1381,,,,,,,,
0X5Z7ZqQ1a5MZqK80m5odK,Marlene T,45,[],1295,,,,,,,,
2H6beCAq0056SYdlQmlfEr,Six13,35,"['jewish a capella', 'judaica']",11585,jewish a capella,judaica,,,,,,
3EYY5FwDkHEYLw5V86SAtl,SICK LEGEND,66,['gym hardstyle'],214946,gym hardstyle,,,,,,,
0qG5iIGCBClEBwsMY078kl,Taolo,19,[],2821,,,,,,,,
2x7EATekOPhFGRx3syMGEC,The Knocks,60,"['alternative dance', 'indie poptimism', 'nu disco']",233958,alternative dance,indie poptimism,nu disco,,,,,
0Sq6ZIWDzx9P76abl8svUr,Dan Campbell,24,[],10828,,,,,,,,
71W4eG1VmVIwegvpLTznJP,Go Fret,42,[],846,,,,,,,,
0O5luctuPkuMQleE1EcilN,LORDFI,28,['lo-fi cover'],1292,lo-fi cover,,,,,,,
2A5VOguZzXMBrg27MEUZcp,Twenty One Two,40,"['dalarna indie', 'pixie']",59030,dalarna indie,pixie,,,,,,
2E2W9MFs2OLciSGq8Mp03r,Cousin Simple,27,['columbus ohio indie'],3969,columbus ohio indie,,,,,,,
5bHjVR4F2Tfq4Ha6x7K6wU,Rockabye Baby!,60,['lullaby'],320278,lullaby,,,,,,,
1uqEEGv3Y4TgJJ0p0qsF6U,Ambient Light Orchestra,19,[],1323,,,,,,,,
2KKDMNDk5FVzwljyxhgPgG,Piano Rockstar,10,[],267,,,,,,,,
1mmlWsyPJvvxMdabcGJjRn,Lil Boom,33,['meme rap'],88200,meme rap,,,,,,,
30FtOFQlZzg6ylyF2ov9FP,Medieval Dreamers,40,[],1014,,,,,,,,
1IVUK6wK1PvFI6adwUcoc4,Lullaby Players,25,['lullaby'],1925,lullaby,,,,,,,
3mBXnib4zsRnkM1m2Ezijf,Piano Dreamland,24,['classify'],1028,classify,,,,,,,
0aEgJAEnAAQeSLysFnCDMD,J.Wexx,25,['lo-fi cover'],138,lo-fi cover,,,,,,,
4ns7AGltssCJD5p7EebmzS,DJ K-Swift,11,['bmore'],3744,bmore,,,,,,,
5mgr0FFpvy267wKVAYg8qp,Lit,60,"['alternative metal', 'nu metal', 'pop punk', 'pop rock', 'socal pop punk']",354782,alternative metal,nu metal,pop punk,pop rock,socal pop punk,,,
2f04eiEm4cw3ZhxG7pDi0S,Smart Baby,7,[],291,,,,,,,,
2g1ULtHvT0HfONgiTgVE6U,One Piano,42,['classify'],7970,classify,,,,,,,
0ECDOlOt6XQdhgWTEo6hD7,MONK,32,[],15532,,,,,,,,
5PpOMBlbEqS5FIjZNOrkTZ,The Cat and Owl,14,[],5,,,,,,,,
0Z4yZfeuvWVBh1U6vNeYbD,Tayllor,42,['afro house'],6224,afro house,,,,,,,
27HUyPcsG5WlOArzQOdyjk,Thomas The Beat Engine,17,[],188,,,,,,,,
0XOki1WQ88CrMMMozwk3CH,Prince May,24,[],123,,,,,,,,
1NT2ol2lqyRSUzU4m129Ic,8-Bit Misfits,27,"['8-bit', 'chiptune']",27971,8-bit,chiptune,,,,,,
5CSfpRPGc1XEGd5twIRQTb,Taylor Goyette,33,[],14730,,,,,,,,
2a2qEHjcscpWrZtKXczYdF,Shara Caldwell and the LA Exchange,7,[],175,,,,,,,,
0QNakySWugkMvfwbDoaY9L,ItsAMoney,39,['pop violin'],56695,pop violin,,,,,,,
4b0R642YQqGtoUdFM0iAxy,Chasing Ivy,8,[],100,,,,,,,,
4VBMYr1z77uduZqUZUR9OD,Destiny*,4,[],463,,,,,,,,
3PqoVzJOYBODiED9P5BS49,BajoCero Music,5,[],221,,,,,,,,
63mMj5nzqyLOqTsPc7v4hF,Young Burny,0,[],36,,,,,,,,
10meKXEhZk2go9XUV6Ccu1,Dboy Sinatra,0,[],33,,,,,,,,
3LxE8S2NahkijyF6mbronT,Jon Swift,30,[],3630,,,,,,,,
7xbXDG1hxyr0Fd7KLbbMUZ,DeeR泰勒,0,[],2,,,,,,,,
215cMtRudTiAXjjpQC1Zbq,Minority 905,21,['canadian pop punk'],4652,canadian pop punk,,,,,,,
78ZZffmlwqaR1NNoYKRnFo,Sunny Gob,17,[],101,,,,,,,,
6QU9RVFZtJYxEZgu4QHbyz,HardNox,14,[],1333,,,,,,,,
5gmoOfhtIBiGhFfar16fCz,Ridgeland,0,[],5,,,,,,,,
1MTlhWSyxv11aeqREGEeb3,Chase Petra,41,['socal indie'],55202,socal indie,,,,,,,
0M2f5QlWpxeZaUBEaEYvyF,Pelvic Tilt,0,[],11,,,,,,,,
0vAs5HIBkUPbuoN5b5GWTE,Swift,10,[],1188,,,,,,,,
7Mh9WGQ7VB59m9kWnQrLTW,Bamboon Sauve,0,[],262,,,,,,,,
7KXcj2DcjkcOhOFeY4ECQq,Witt Porter,0,[],22,,,,,,,,
1pZI3RPswAgKWRNDFP9ReN,Taylor Swift Piano Instrumentals,0,[],69,,,,,,,,
7GZA2iBigjbtoZGl9fSACx,Dropping Bombshells,0,[],9,,,,,,,,
7cWAsRKW1DL0pRUXWyCDsX,The Taylors,19,['family gospel'],3398,family gospel,,,,,,,
5IxBk2pploJDM71zCntlwV,Achraf10,0,[],209,,,,,,,,
1krJvMu9OkhIxX5cMoZGLb,Gianni Suave,38,['german cloud rap'],11382,german cloud rap,,,,,,,
6cpVjPOo5Ozn28hUfYBXqm,Jonah Baker,55,['acoustic cover'],48336,acoustic cover,,,,,,,
7l3j7bBC6PDsoMWdREDlLb,Diabolic Kevin,0,[],5,,,,,,,,
3x07rVFUC4H4vTKfDMpXTE,Sighting,30,[],499,,,,,,,,
6dilGZuaeT99xBeO4ryPJP,Tyler Dean,3,[],827,,,,,,,,
6foWSTBclJcBfStqFHzbeq,Piano Pop Tv,33,[],2132,,,,,,,,
1Kw3mho1xMrliPpWHb5tJO,K7Leetha,0,[],9,,,,,,,,
4rqbvVNDtJHNx3k3eRXHIz,Gabbie Watts,0,[],199,,,,,,,,
4tI5grRhokUSIptaT5shnu,Lost Ways,58,[],2712,,,,,,,,
0JDWfonFP7QJR9eaZX5oyN,YnB Henvo,0,[],4,,,,,,,,
2jr4F2MRTZaYy01a36bb8d,T-Swizzle,6,[],488,,,,,,,,
2FdflGY9Ssz2DVnOqJFYTO,Chris Wauben,1,[],32,,,,,,,,
7oKS1cGpOS7Jf7XgMZ1Ee8,Pork Pie Shoes,30,[],164,,,,,,,,
0zX34H9eNUoV8i8nq9RD7L,The Fortnite Squad,1,[],79,,,,,,,,
5Ajh5xnbFYiAZqwDPgSgCq,Magic Phase,45,[],1160,,,,,,,,
5Dv4CncHfESH4v8UAgNSjs,Laura Paixão,0,[],0,,,,,,,,
0SvmgigLWlP2NMvNGSGViY,Acoustic Mode,11,[],71,,,,,,,,
1KvbvotHOObSHbomrF8JVZ,Beutos,33,[],1060,,,,,,,,
6I4xppb37p6sGzwhehy2Lp,Inappropriate Erection,0,[],5,,,,,,,,
5vpWEdK9C28uOX8jjfRi1v,Piano Fruits Music,55,['lo-fi product'],26133,lo-fi product,,,,,,,
673LhzAlykCOLBdqqmsCzd,CrashUhFuneral,0,[],5,,,,,,,,
4jxwmCQaqWunMO9ZGAVyEQ,Toeknee Tee,1,[],1056,,,,,,,,
3QoFljZxcB1DQuP3WmYVJB,Why G,42,['canadian hip hop'],33465,canadian hip hop,,,,,,,
2uDiexELXQK9CjnlzyWUaM,Pianella Piano,36,['piano cover'],37472,piano cover,,,,,,,
4H0kRHLRzihO43KhhKhni8,Gregory Lioi,3,[],191,,,,,,,,
628Au8BwLToI3XOL3fX7Fs,JD Stanton,16,[],205,,,,,,,,
4y9HxJLzuZgmGrfHJ9RyxA,James Ryan,32,[],332,,,,,,,,
6hyAYqBdxyramm4W9TB7R0,The Animal In Me,42,"['pixie', 'post-screamo']",76539,pixie,post-screamo,,,,,,
59gsvMbsZ0nMcn3xTFTxrK,Miranda Writes,1,[],1438,,,,,,,,
4wwoJkVnfet5K3rob1mzGI,"The Letter ""C""",0,[],291,,,,,,,,
3ph1sUTPbk8TZIA78ookQU,lakoficial,2,[],66,,,,,,,,
1qxoL4VP70aBbXUwC3wBaE,Floss the Mack,0,[],34,,,,,,,,
1q9dqmQpgTjsPkCptHNB0l,Zen Fuse Box,2,[],67,,,,,,,,
5exS0bytCYdixgv02DaCm3,William Singe,59,['pop r&b'],612578,pop r&b,,,,,,,
5vVEIWVGjWX9LBssTk5kZp,The Breaking Pattern,0,[],376,,,,,,,,
5P04fCicq68egwVyLlqgfp,Boy Pierce,11,[],293,,,,,,,,
69GAr7YE59HY1aK5WYG9Xy,John Lucas Remix,35,['reggae do maranhao'],3469,reggae do maranhao,,,,,,,
6IjLBG8kNUjfgN81e13lRv,Traylor Sniff,14,[],126,,,,,,,,
5c52FSaJyGequSeRQV8Y5d,RR Migo,0,[],3,,,,,,,,
0I5cagxhJj6XSPa9LHkILF,Mean Swifty,5,[],707,,,,,,,,
5VyfySqRH9mp25HdrMp9aJ,Jack Post,4,[],359,,,,,,,,
3ZIn0qi3R1lbd1OkDevYK1,Dahexa,4,[],275,,,,,,,,
0cQYG555EMMH3Rgi5DFCI1,Lunelle,14,[],3081,,,,,,,,
4Kmi9gtWqvt7AJU2m1SNsh,Sandra Hesch,37,['german pop'],15368,german pop,,,,,,,
6anugGmqslouP9IJwime7k,Ana Done,34,[],7853,,,,,,,,
0pOi3jQPLxu1ruQahY1Twm,Bronte Alva,15,[],433,,,,,,,,
7oupPz1oMFS4aw605xvaAl,Yung Tomorrow,0,[],4,,,,,,,,
3rmYE7edorDWoKVPGk9iLZ,Wasback,45,[],27806,,,,,,,,
12eWGdPP4PV1qkr8UPbwTn,Rice Flerf,2,[],272,,,,,,,,
2961Zd5vcQ54bMCHVo9GO2,AircrewJimmy,0,[],3,,,,,,,,
1zpJrmcFMS5E6JTFTupn10,5Eleven Entertainment,5,[],1663,,,,,,,,
0XIxYQtRywfPvyYCg7M8u1,Ossy Oneal,0,[],2,,,,,,,,
6GUVGpXZay3ihM8vengrrg,Jesus de Black,2,[],333,,,,,,,,
1tfFbRostPfpwRG9NxkMOt,Taylor Weeze,14,[],294,,,,,,,,
3BStcfiJpxs2tRxkNTNoCL,Sped Up,0,[],2,,,,,,,,
0KYOBAf6Zky4CFQne2JPTX,Hiko,59,['sped up'],123983,sped up,,,,,,,
04VNi3ZEtke7OJCvBmypRX,Delilah Deverre,0,[],19,,,,,,,,
0Z00sSHBoJ9wsqTY5hT3mP,Andrew Galucki,35,['folk-pop'],3078,folk-pop,,,,,,,
74ZHOTPP0eWWe9kLt8jHbP,ATC,39,[],23252,,,,,,,,
2wIBRE3HPIUeD7sRVCuIoa,misswilsonsays,40,['classify'],889,classify,,,,,,,
42tWSIwCRA8RG79rSh5Prz,Luke Smithson,10,['punk cover'],42,punk cover,,,,,,,
4z8K5G5rlp42k6D7yNWzbF,Dblaxkk,0,[],18,,,,,,,,
4s6pRjPwgvOqbVxvzdErRS,Taylor Xo,11,[],239,,,,,,,,
5wLrkBDBmbfeOt3juqR6Xw,Josh Long,0,[],1,,,,,,,,
506zjFvbbNJcjxY260lHDC,Luca Giacco,57,"['bossa nova cover', 'coverchill']",4309,bossa nova cover,coverchill,,,,,,
71ytE0UWDI0LN0DI4Zepdk,Lewis,2,[],1121,,,,,,,,
5NWmUPmt5SsSaE18aJPo3B,Sing With Taylor,12,[],91,,,,,,,,
44pYO6BiJ0RTCxwHXEVRpk,slowbro,18,[],981,,,,,,,,
2dTLb3X4Zim5rRpx43E0BK,Noname,11,[],882,,,,,,,,
5Jk6jNHw9hGjrwZdY8FyXD,Will Adagio,25,['piano cover'],3228,piano cover,,,,,,,
3VaenJTBGpmPobCiUppbfV,Cory Mon,7,[],304,,,,,,,,
4oXCOGHAtqwkt1nasyfmZ1,Chellezan,0,[],2,,,,,,,,
7rBIlwMM8Zt5KrJSV7Vz95,Bswift,7,[],2241,,,,,,,,
4O42fGHUcfws2NNxx6WJnz,Yung Shalack,4,[],257,,,,,,,,
706sBkeB0EaXdgZ01bsfgL,Shock And Awe,1,[],4,,,,,,,,
2v1KkwZBiwmYB56faduSv7,Keh,0,[],0,,,,,,,,
1qMJAm3nqZq6AsqeaAk2m1,emlyn,49,['alt z'],183044,alt z,,,,,,,
339BZkGpseEPC6nU8zODdr,Lil Lea,6,[],200,,,,,,,,
545kLWS5VxeA7THdr1eIyO,Stantough,40,['bardcore'],35502,bardcore,,,,,,,
7lRVCoq0fYeVBmXRRwwRgg,Living the Dream & Ryan Wold,0,[],6,,,,,,,,
0GvwCwU3imSysw4WkPXcKW,Piano Sunday Covers,29,[],200,,,,,,,,
3oZTj04TBKLY6nyGXoZluh,Poppin Beatz,1,[],11,,,,,,,,
1IY0tu7RxPnZv6OungZ3M4,Lvth313th,0,[],19,,,,,,,,
6sg4OZ2ZzhsEeOTTEZYMYJ,Eden Mary,23,[],3167,,,,,,,,
2BkgxrHfL2RqDtzehO2rZO,TREVi,2,[],112,,,,,,,,
4uNQCglSbNkbHTpke2XWo4,Taylor & Sons,30,[],502,,,,,,,,
7GE73rdwNfkOLEVJxNrp8m,LNC,1,[],288,,,,,,,,
3GghVvugpv9nXQ2YFzZNzN,Power Music Workout,50,['workout product'],57697,workout product,,,,,,,
3NwkOoG3OTLJEiTEcfZUXC,Million,6,[],11,,,,,,,,
5TUeB7HV6uAXtwjxXzOIMh,Swift Shake,0,[],0,,,,,,,,
2lR3npYa9mo8JhR7rvog99,Taylor Jetson,0,[],89,,,,,,,,
6F5uGrpQjjd9qtg8D7B2lo,Music Box Lullaby Magicians,18,[],300,,,,,,,,
3fzdEku6pdUjNuDpgUrEpG,Coco Quinn,31,['social media pop'],260379,social media pop,,,,,,,
0UjWhr8jmNIqvXBEpRhqIh,charlie?,0,[],13,,,,,,,,
0cRMUC2w3dPQDIsBPRHM6A,Mad Mad Monkey,1,[],26,,,,,,,,
6kk3eFuZoE4Lq7dD03Ehkj,Taylor Moss,33,['australian country'],6180,australian country,,,,,,,
3OTHMkNKtrdLilM4UYxUw9,Giga Imposters,15,[],73,,,,,,,,
69l5uJvRuP0SPKVtH82wHz,Everybody Loves Josh,14,[],398,,,,,,,,
0UuIuB3rLpGuZTMo74y1wv,Motel Armadillo,0,[],2,,,,,,,,
3MPziYuuKlkBApzi207iAX,Archangelmichaelf,13,[],391,,,,,,,,
1acD4kZrPD3qUm7EZLkGTM,Vince James Band,5,[],57,,,,,,,,
6Cf9S7WzbHVWUfTWPUBb9T,The Jawn Mel,0,[],20,,,,,,,,
6LiTW8vEg7QL7ofXKWnbYB,Easy Listening Music Lounge,13,[],398,,,,,,,,
4O9aYl6jT0caYFhhAuErKf,Eloise Mondek,7,[],60,,,,,,,,
5oeDYfwpV8Ng3WG2gtuaYJ,TigerTwix,0,[],16,,,,,,,,
2o5NgXGYc1a05qDhC4H5QE,Why-Z Beatz,22,[],125,,,,,,,,
5g3i3t8nPDdrguCQVdWct9,Kyboi Sopan,41,['fvnky rimex'],10645,fvnky rimex,,,,,,,
2GIMa4EAEULqnGiwd4hf5q,rosie xo,41,[],2244,,,,,,,,
5OXjt0KyUu2LCzDIWh2HAq,Ric Mills,24,[],105,,,,,,,,
5Yzz6SisIkcvuhKSdJ02en,Taylor Swifter,0,[],111,,,,,,,,
5D4eBBCFWPid24YVLH7206,Taylor Swiftoo,0,[],57,,,,,,,,
4heB99lOV88YPl2wZBl57i,Saph's Story,25,[],2983,,,,,,,,
0Ypm8wsqi6TW6beD1lO0rC,Bortitz,0,[],2,,,,,,,,
5UItOLhOPHfkg8iZQFGh4R,Rhialto,0,[],25,,,,,,,,
4m5pTbwbU9KQ4oqbi1EloC,Coco Worth,27,['acoustic chill'],1750,acoustic chill,,,,,,,
5UF8Vdi1iaUQbN8TJqvPUu,Ladi Rosa,0,[],22,,,,,,,,
4GLbQYj6kUuGlrCEKdRPeb,Savannah Burrows,2,[],704,,,,,,,,
4HTzfZgrRnvNBnsXjhs4mp,Taylor Eigsti,30,"['contemporary jazz', 'modern jazz piano']",11188,contemporary jazz,modern jazz piano,,,,,,
1iINEIRc0RBMSCjgAdDKc3,Patches,1,[],56,,,,,,,,
0t8gj9joeg6gQxxrjf9UDd,Taylor Rae,33,[],13052,,,,,,,,
0zd925etoMfJmgtoAQ3RSQ,Elektrodinosaur,0,[],123,,,,,,,,
6DwziXuEMIoXk1xXJCscbr,TeraBrite,35,"['candy pop', 'pixie']",14844,candy pop,pixie,,,,,,
1wujqsMN8D1n7KoBcjQ1xV,Caleb Carter Music,0,[],276,,,,,,,,
0UiqF7R72Ocd9sz72TJSGK,The Flavoursome Fingers,0,[],12,,,,,,,,
6StwshdwDRROUo1EtBWpeM,Bruce Mondek,7,[],43,,,,,,,,
0dGjPpqp9j1UYf9nAux0bt,Connor James,1,[],60,,,,,,,,
0k5KeG8St6LiePh5blOwwl,Workout Music Tv,53,['workout product'],58323,workout product,,,,,,,
2wMFibdNVlRu9xPt7bFjm0,DCCM,33,['post-screamo'],16094,post-screamo,,,,,,,
4D2ZMI8c7336p8ShSvW1kE,Arcofield,0,[],6,,,,,,,,
7nzXVAFi1zXcVQmRhgCqgj,Gareth Koch,25,['classical guitar'],473,classical guitar,,,,,,,
17cItJOi9rMgG7rFiX0PBm,Taylor Red,10,[],9500,,,,,,,,
6EhUhRbd8Q2PQJSZR6quFi,William Elvin,9,['pinoy singer-songwriter'],519,pinoy singer-songwriter,,,,,,,
5ns517RWtU8gxFKeML1mXw,Sweet Baby May,15,[],2542,,,,,,,,
3KZ3wTSU19bE7Bu7Twh2dW,Coach Hop,0,[],76,,,,,,,,
7J6eNoa7TASkliURdNdBDF,Sea Swallowed Us Whole,5,[],373,,,,,,,,
0dTwwE3VMM00RHeyZftICv,Silva704,0,[],22,,,,,,,,
4F1qAKXP2mtfOM37s8rG5g,Terri Matheson,23,['classify'],851,classify,,,,,,,
4lSQHWrsENAKZ1yGI1BLNa,Neo 47,0,[],14,,,,,,,,
2bzwsm6H8O2Zix9TEFTEvc,Taylor Jules,10,[],144,,,,,,,,
5atDlgykybIzsFRGY4P0jk,Koala Bear Jenkins,0,[],46,,,,,,,,
3mVGbbLuRhDTfZAOl4O85u,Deborah Silver,10,[],2041,,,,,,,,
4gzDFnOg7ls7TE5Dgcq5Ro,Scott & Ryceejo,29,[],7139,,,,,,,,
45jEBemOMI8Cs4TUYT7PM8,Lo-Fi Swift,0,[],0,,,,,,,,
0e6Q6ZxI4Drd8FB2xp1gXi,popat,0,[],17,,,,,,,,
0fyLmiAiZc32xy4mcaMglu,LOVERGEIST,0,[],12,,,,,,,,
1xU2haNJFnVavfv6mnpkHH,Harmony River,40,['piano cover'],1535,piano cover,,,,,,,
75iUhf9KF2qU9ZkKcnqKDR,UltraKids,0,[],16,,,,,,,,
35tvjWp7Uhslq3xWjSWuWy,Late Night Lies,1,[],139,,,,,,,,
0AyS3CjQzijh9b8qsc5XAx,Remix & Repent,4,[],999,,,,,,,,
1Gc5ZiJhqjQQcfvMTSCa3q,Nik Nocturnal,49,['canadian metalcore'],116886,canadian metalcore,,,,,,,
0V8fUq2cPpzdz9L5VZDoi1,Jill Parker,2,[],12,,,,,,,,
1MB0rMimtb8Yk79DctS5Ye,Jolie Montlick,0,[],10,,,,,,,,
0JbfYwi6VX4DlyGp0mDJnS,Ameritz Tribute Standards,21,[],688,,,,,,,,
3T7HHLo8WdpvQKRYQ7RnNV,Gehph,3,[],3,,,,,,,,
6JWvgkhSkeGhXRTlsCVHgx,Fleur ASMR,7,[],357,,,,,,,,
6W9pWJzT5WAFNHyPaYKw1y,Pianonymus,4,[],46,,,,,,,,
0NxhAEPOSeCg6vypFr7yjU,Madilyn Bailey,53,"['channel pop', 'viral pop']",216194,channel pop,viral pop,,,,,,
1dczU7f1oZOxzlSlXZcQe2,TIK TOK TEKKNO,10,[],117,,,,,,,,
3bXb0mD99KfxA7he4TSprR,Robynn Pate,0,[],6,,,,,,,,
3bsQY9pFWVzUMxlSgGQuBn,Patch Quiwa,46,['opm'],463429,opm,,,,,,,
7ubWjhhe5vngwLTDrd2PEF,Emma Jayne,21,['pop soul'],3412,pop soul,,,,,,,
1SZgMfFtwQRTKIGXP2GhW4,Yoga Pop Ups,13,[],6259,,,,,,,,
2QqGfZmjPATipK1LFZ2Udh,Clooner,16,[],984,,,,,,,,
1usP1xXd2O2rSUZmpqaAxM,kiwi,49,['sped up'],12581,sped up,,,,,,,
6l8uR9rkZJj0BXA1PR2Maz,Faisey,10,[],191,,,,,,,,
5ET6aKOHygpV0MdJHJZGBW,Spa Rockstar,0,[],17,,,,,,,,
6f2qVvCyjdZSZM5WgRqx9g,Brian Osullivan,0,[],89,,,,,,,,
3MQOe2seHzWSOTU2qyCqN6,Jose V,0,[],0,,,,,,,,
2Jt3xHQ8Af9l22bWApw55m,Fireside Chat,25,[],238,,,,,,,,
46T4yCHjQfVxokuATj1SiV,Tina Guo,46,['cello'],69369,cello,,,,,,,
1ZNhgbZRn23MP0qUp5mhK8,Buffington,0,[],21,,,,,,,,
70FHBfTlsWuQy0TwBh93zR,Josh Rabenold,31,[],9687,,,,,,,,
2rOQeK4AVsvBAsVe8U05wu,The Swift,4,[],1196,,,,,,,,
2iFIAgxrMJ3meScqWhOOrX,Melody the Music Box,17,[],527,,,,,,,,
7lPWuLostTtlIShgm4wpf0,Sam Tsui,48,"['post-teen pop', 'viral pop']",227136,post-teen pop,viral pop,,,,,,
5XPBa7f3ODyKhixqeAqJXw,RAVE RENEGADE,4,[],12,,,,,,,,
1dyMbzLhmYGHB3qlocq76B,Lynden,17,[],2134,,,,,,,,
1jXXuyRQMMD18G1F5qk15X,Conrad O'neil Munroe,0,[],0,,,,,,,,
2Jep60VvajEaHkytjR4COE,Rock Me Gently,9,[],176,,,,,,,,
4ON3B8qw8pVKnEShM5FCPG,Wrecklezz Beatz,3,[],60,,,,,,,,
1t6kgv3kQmD8x7ecWtCcy5,The Blue Notes,39,[],8668,,,,,,,,
6K6beMGUfIPYCJCwXIj0kA,Glenn Darby,0,[],21,,,,,,,,
6jhJIcBGohLASqmXwiQbd5,Party Boy Sings,6,[],730,,,,,,,,
22kUeojFLIdLYZCFFBkHKz,Taylor Ally,7,[],28,,,,,,,,
2N8BKNbDpSuVVZNHKvQN40,Chance the Closer,12,[],5497,,,,,,,,
48hu3rmk8fFjTcHUcN6rBs,The Cecil Taylor Unit,0,[],347,,,,,,,,
1doeW0oJMkO8kEq5g9kFNR,Punk Rock Factory,43,['punk cover'],143965,punk cover,,,,,,,
5qqi2AI3Ik32VnmH0SQ6tf,Guitar Instapop,3,[],159,,,,,,,,
3wIHZJyOwDJ3SEIGvakxF5,Swift,6,[],109,,,,,,,,
4WJvGAto8G37ernAJBhwIa,Nostalgia Avenue,26,['lo-fi cover'],196,lo-fi cover,,,,,,,
4RQbnt5gBFenkO4j3drPwc,$wifty,8,['rhode island rap'],344,rhode island rap,,,,,,,
7r0yoo1DKlpfOz8EuYtoFf,FYVR,18,[],694,,,,,,,,
1CmWVjnzTRTqZqdVIlZSSY,Royal Tailor,35,"['ccm', 'christian alternative rock', 'christian music']",91252,ccm,christian alternative rock,christian music,,,,,
73r6cgVUoNL47qnJAF0Ihw,Taylor John Williams,41,[],20907,,,,,,,,
1WWVUORh0X8EQR3X2r7UKa,B Lou,34,[],7169,,,,,,,,
1dgFzNJw6ItMYsuUckkRxX,Amongst the Ruin,2,[],149,,,,,,,,
42hdUVfhzUs7dZWafzvJ7e,Elise Lieberth,49,['viral pop'],12896,viral pop,,,,,,,
6IapxmLi0Bszhk9WKK1Lwm,Sean Michael,4,[],594,,,,,,,,
4Nw8LV8DcjHFM3lkvLw3i0,Tayls,8,[],1253,,,,,,,,
4hRL2QmahOYxXNmNKtG1AI,Valee,41,"['atl trap', 'chicago rap', 'underground hip hop']",186763,atl trap,chicago rap,underground hip hop,,,,,
1s0zwGdYvlzetYlzNaz4IW,Swiift,8,[],521,,,,,,,,
22EL22U3AX6UhZgoTQAdvj,Swift Slay,6,[],147,,,,,,,,
388sAC0WYTJWunGAr0P8Hj,Taylor,14,['korean r&b'],4008,korean r&b,,,,,,,
3MiakMoAm9syg4cP8Hhdfq,Kxzia,2,[],238,,,,,,,,
2qY2krsaIOF7H8SUEVYiBn,Taylor Tumlinson,4,[],1013,,,,,,,,
5z7cdgF7m1SlDnlYNdKfTK,Talyor Hits,2,[],132,,,,,,,,
76bgYMdQ7UYnUad5NiyE6v,Lullaby Baby Trio,35,['lullaby'],3328,lullaby,,,,,,,
58m2vRWPL4JV6HhWjLbYHi,2017 Prof Beaks,17,[],509,,,,,,,,
1v90DHHoC6uMow5PfaDDKc,Swift,18,[],150,,,,,,,,
11PcIHLREmuagxJ3d5VEIK,Larry Kenzal,15,[],126,,,,,,,,
57VMVNQOQFTpkZMltWXBrq,Taylor,24,[],2445,,,,,,,,
6WyeyhNDpeIVbznnztFDQZ,Jake Coco,39,['viral pop'],26205,viral pop,,,,,,,
7HE4ZAv2dzUX80AKnCOnqV,Dreams on Ivories,33,['classify'],1555,classify,,,,,,,
0BpoZVZh9LH0OrntT8CHSb,Kindy Corner,34,['piano cover'],419,piano cover,,,,,,,
5NChOzODHzPYNB4iho8Zcy,Joongle,53,['lo-fi cover'],11749,lo-fi cover,,,,,,,
1of3VzSqcrvNejmqm0XifP,Swift Hits,4,[],72,,,,,,,,
1YH3atM215EGtOIOrvdrPx,Acoustic All-Stars,8,['fake'],466,fake,,,,,,,
4vSZ3mG0Qvm8oSTdkCaz3d,dxsorder,23,[],264,,,,,,,,
66F30rd2WhrMWTIDAfRrJn,Taylor Deneen,6,[],491,,,,,,,,
1rM7GiyPW7mPqDTtLfXRoZ,Peter Gergely,28,['acoustic guitar cover'],9500,acoustic guitar cover,,,,,,,
4J3TXBvAMckFbTxqxNYpDj,Kaylee Bell,48,['australian country'],53034,australian country,,,,,,,
3rKvYUWt2JSHFgSxl6xZoA,You Belong With Me,2,[],128,,,,,,,,
4UN5N3PtaVBsMpnAqNHmGW,Swifty,9,[],439,,,,,,,,
1hfYypkzUitcguY92Shftz,Piano Tribute Conservatory,3,[],231,,,,,,,,
5xVULiv3wBC0T0lMG20mEC,Swift,25,['uk drill'],3674,uk drill,,,,,,,
2ThUOWiiWP3YdZqs4WYNOi,Smooth Jazz All Stars,44,[],52842,,,,,,,,
0LTWbAS3e3snnarCj9dTxY,Mystic Shiver,8,[],214,,,,,,,,
6dnGWqFchmCpwCE47YtG7d,Jammy Jams,40,['lullaby'],7314,lullaby,,,,,,,
0nmdM3ZxDC0mKO9WneGzkd,Nashville Nations,3,[],31,,,,,,,,
6CLuchy7pVc7Tt1KWedtuj,npobu,13,['epunk'],1022,epunk,,,,,,,
5zumHpAnvQ16ZHtgrHZqck,2016 Dynamo Hitz,21,[],650,,,,,,,,
2HTPdOiGTELQyzWche5S1n,Tailor Briann,1,[],65,,,,,,,,
5dhbc8LcvYmiI2CQhByaBR,Duomo,55,['bow pop'],40355,bow pop,,,,,,,
2FCofcDkDipKOWOKfKV95s,Anj,7,[],381,,,,,,,,
2UxjiPpWHNc2txHrYy5EF3,The Hit Co.,35,[],11934,,,,,,,,
1CVbzV1vVVELYfOgi5wIqU,Taylor So Made,1,[],155,,,,,,,,
5xnEVyDizQaZVktlClvceN,Andy Tallent,44,['piano cover'],3418,piano cover,,,,,,,
5btThfBN7cnjtseOmgyAWU,2017 R Bitz,10,[],170,,,,,,,,
1J76jbTdbGMoVu3bwLyI5E,Taylor Pride,21,['christian indie folk'],869,christian indie folk,,,,,,,
4h1NpgpONZMVH8Gc8QPIEW,Zita,43,['tropical house'],3780,tropical house,,,,,,,
6lrwkfGk1AVPlHNJPa5hj3,Elfran,0,[],176,,,,,,,,
47Y2QhodlKqD6xKsmvZcN0,SKYLAN,2,[],332,,,,,,,,
7cxpsdJFyA08PoSjFdQBpB,Twisie,0,[],16,,,,,,,,
697QznkKAH96IswCz51HSx,1realnick,0,[],2,,,,,,,,
4Tx7Qi1l802g12JjtetTgG,Kanin Wren,9,[],622,,,,,,,,
3IYIagzUXbSFCcLG0bAdhL,Delverien Rai,0,[],3,,,,,,,,
4gwk1TlL2lDzsIgGZ4hCYb,00lilvoni,0,[],0,,,,,,,,
3LN7sgLD75OgNAcZcfIgPQ,rafax9,0,[],0,,,,,,,,
4Wm66SItUBLYFqJq03WH6d,John Tibbs,23,"['anthem worship', 'christian pop', 'christian uplift']",6249,anthem worship,christian pop,christian uplift,,,,,
1qBIYkX3UIp1PUALBQHqc4,M.R.Keith,0,[],3,,,,,,,,
7uCFxYbjFKxMIgc1qeOgip,Taylor Wave,6,[],73,,,,,,,,
478YAqPElgU7uZmSd8wrHw,Bella Ariah,0,[],2,,,,,,,,
42K22nH1WB6QWyYkY584Rz,Taylor Made,0,[],39,,,,,,,,
2Uy4RILewRAVbYm9BFhTS3,AI Music King,0,[],0,,,,,,,,
60VLq4l4g7g6lOA8VqnVos,Slimeybluu,0,[],0,,,,,,,,
2qCu2Hk3Hyk3nm3NQoKrXt,Rob Swift,20,"['scratch', 'turntablism']",14786,scratch,turntablism,,,,,,
3xPeA3kAT9Qyn4njeFqBi9,Maris Magno,3,[],48,,,,,,,,
4ESj4lPcWUytq3ZD2UH6QX,Ashi,41,[],1497,,,,,,,,
232uh5ZYhGCSwWTVghSX8g,Norvana,0,[],46,,,,,,,,
2pmbb5K3BLtzuqqOZ0CuP2,The Smooth Jazz Players,11,[],292,,,,,,,,
3yxIiGMVhrzkQgjcsv0qTf,Mr K AHT,0,[],17,,,,,,,,
5wFpshVjY4ntIbIRNDJ5pj,Tanner Patrick,31,"['channel pop', 'viral pop']",40591,channel pop,viral pop,,,,,,
4ufX4NHsWdmgZBEQNw8EUB,Jake Tucker,0,[],1,,,,,,,,
5T6NyNKEK7zrk2RlO32bmM,Dalvyn,3,[],21,,,,,,,,
33EsLV9XuU86eBafBHYL0G,Ovtlier,33,['gymcore'],10107,gymcore,,,,,,,
2zxL0SRuNRr96NkgDo7p1o,Ultimate Tribute Stars,21,[],1779,,,,,,,,
1iPIHuGjIHvMWF0cH1AroK,DJ Wrekk,2,[],213,,,,,,,,
0V8tQXWkKPD5SxsB2moGew,The Gregory Brothers,52,"['antiviral pop', 'meme', 'pixel']",153869,antiviral pop,meme,pixel,,,,,
2LiS7gJzbN1cv22Fxg6wng,DJ Gotta,47,[],36509,,,,,,,,
3INz0FP6JY9q8zWZPRwGUX,Andrea Parker,0,[],0,,,,,,,,
2xEoSBL5MnAwIvdggta3vX,Joe Van Poe,0,[],1,,,,,,,,
1LIC09TyB0lNXUoxo2ev0h,The Hits,6,[],193,,,,,,,,
4pFGVNsswIAX0FjAnVVj5n,Jennifer Owens,31,[],30582,,,,,,,,
6noyqxkULnkIgTd0kpG5tW,Hello Ground,6,[],1881,,,,,,,,
2AmQsWzGWmxZrDa6ToIayu,Celeste Keller,0,[],5,,,,,,,,
2Ck5XVjNlnRhUDEDxWmLBp,Swift Wave,7,[],5,,,,,,,,
0zkDZprypgQxrMA9ZrF4PQ,Corvyx,36,[],43188,,,,,,,,
0pJThCefsocp0D95rp2YS4,Mellow Melodies,27,['piano cover'],217,piano cover,,,,,,,
01kfJq5sMn8QStby7qN81e,julie on the internet,22,[],706,,,,,,,,
2AJI60d56ESeuv8lQTHTXY,Icons Of Modern Country,0,[],239,,,,,,,,
1t0LVBPIac290dFIp5QRUb,Janie Gordon,6,[],973,,,,,,,,
4zr82AmGu5DQFkq0Cf6wyn,50KSWIFT,1,[],13,,,,,,,,
0KL0Oi3NecuQ4xXysUo9x9,Stingray Music,18,[],2101,,,,,,,,
2GZNHvjlxnJsei5BJFRto7,Taylor Felt,28,[],6399,,,,,,,,
3plikUjoJctON4lonccxg9,Justin Bryte,4,[],1090,,,,,,,,
37RgMmVir5yKoP0dZglhQn,Ultra Alternative,0,[],0,,,,,,,,
5YZAfDZNT907ZYOT6MN7gh,TAYLOR ALXNDR,2,[],569,,,,,,,,
53ZhkSIdZdOYXHFyR6QbiD,Taylor Road,0,[],6275,,,,,,,,
0nBm7sxo9DqEk7RLyaxFWO,13Aurora,50,[],9059,,,,,,,,
4qOf8sOlJtgjEVLWjTpWl0,The Moonies,37,[],16955,,,,,,,,
7C2uVXwFKLlwHteHGnMLhZ,Lewis Hanton,58,['sped up'],53201,sped up,,,,,,,
4gdLrR0vK1qywsUrLeQYUv,Celestial Epiphany,43,[],1638,,,,,,,,
2k1UfpoVXyh0Frm1nP37O9,The Dream Team,17,[],48549,,,,,,,,
6KxBixTtWRYyojmIvlFvjD,Ali Brustofski,26,['viral pop'],19515,viral pop,,,,,,,
4z25w1VkbPPapm75vXBYpN,Swift Karaoke Band,0,[],0,,,,,,,,
0cf25EACpDMSXZam6GgQe5,Music Legends,32,['touhou'],6406,touhou,,,,,,,
5O05GAU5CdkFsB8fHMhWmN,Taylor,6,[],275,,,,,,,,
3gnC6N6RVGrVMizCRjD3Ec,Turbocharged Titans,42,['sped up'],4622,sped up,,,,,,,
5YqGCzRaUM6XZss3tWRNAY,Guy Meets Girl,27,[],5286,,,,,,,,
3teoORqYSyYDFGaFndthBl,Lorena Birkner,0,[],16,,,,,,,,
2xaPaeMewfO6WffMBbqLjh,San Marzano,0,[],10,,,,,,,,
7dTlDQGBnl0lY4Yindh1GT,Speak Low,20,['anthem emo'],17831,anthem emo,,,,,,,
0BpBoQZruEAcRfpqym754s,Chart Collective,17,[],495,,,,,,,,
5NxHhmydyZD6t7EYEh18yw,Big Voice Karaoke,8,['karaoke'],421,karaoke,,,,,,,
7imY9slM0vCCTWjaEtRdqL,Lauren Cimorelli,23,[],22084,,,,,,,,
1fk1V3INPRl6WCPl3BUZ0J,Mike Smith Band,0,[],36,,,,,,,,
71q9UXgQxHbDBZxx6gX1cO,Haley Klinkhammer,29,['channel pop'],17011,channel pop,,,,,,,
3PIoXFAkfmqo9V6hbpm450,Roman Tee,22,[],420,,,,,,,,
5wC3UaKzdIu72XMWQY2hbI,Mari Taylor,5,[],1543,,,,,,,,
75xajtqlPSZfqpy29CcGT9,The Taylor Swift Piano Cover Band,0,[],167,,,,,,,,
0Damij407OdxTdkj7RLsfn,Taylor Lewis,0,[],131,,,,,,,,
0P0F8YqNPTIFWfJTCqHAw9,Twilight Trio,25,[],910,,,,,,,,
6OFiYrxwbrvFTqbU4VWyzU,Ameritz Karaoke Band,13,['karaoke'],1075,karaoke,,,,,,,
4DeaYgAZMnbusafCvIX76O,d3adgrl,7,[],223,,,,,,,,
6uq4k3kO6HLiRjdiF8uNcZ,Acoustic Guitar Tribute Players,14,['classify'],1523,classify,,,,,,,
1sJhbiQRSIKZeTYEZfzBSV,Lullapop,43,['lullaby'],4784,lullaby,,,,,,,
3sVR0joJDGINOwv2DS93RR,Rina Johnson,17,[],242,,,,,,,,
6wUfBBsNHAQFCD7KlDV9gQ,Cover Classics,10,['fake'],1126,fake,,,,,,,
7IJ9Kq1U6g12exRhfS9KwJ,Hanna Eyre,6,[],285,,,,,,,,
0729kanHSCmApRnuGsIbeX,Tyler Swift,2,[],2750,,,,,,,,
1ndGmnewOCAPY641XYeKLu,Roq Star Karaoke,21,['karaoke'],1121,karaoke,,,,,,,
5wfMJ2PgaKgroRIcXB5Ck6,Swifta Beater,20,"['grime', 'instrumental grime']",5961,grime,instrumental grime,,,,,,
515aVoErzRoInzDiyzLHNm,DoublYou,7,[],48,,,,,,,,
7Im9Sl7oJgZZoEmJo7SBZz,Laptop Instrumental,4,[],85,,,,,,,,
3l6CxWFgrONP61drg6i629,Taylr,1,[],188,,,,,,,,
3oXAZAcbS5Drjwwm1ibJC5,R. Marti,0,[],5,,,,,,,,
3NqWkEuO85UlG0hnCfNc2j,nightcore girl,19,[],157,,,,,,,,
7yZj9zjFt9oSkiTiWydsnY,Swift Zooted,5,[],260,,,,,,,,
6RCTcRxstdIPIY8HMofcyW,SWIFT,0,[],41,,,,,,,,
7oZjdosLijLLBbrUTw1PYq,ProSound Tribute Band,2,[],58,,,,,,,,
659zyMpPSTzMoP4LZdIroa,Tailor-Marie,1,[],120,,,,,,,,
3zTYSIlGGbY2wLixqetrvM,Original Backing Tracks,19,[],1949,,,,,,,,
5EugHGtLV6lP5NZ6nI6kt5,The Downcast,8,[],1000,,,,,,,,
5Ge2I7XA0KQXPKbF7ymFDj,Zack Gross,10,[],439,,,,,,,,
1gKRkwPjbpXrYIqIAXFORq,Tennessee Flowers,0,[],6,,,,,,,,
5oQpk9t4dH8TjwoYcxUsWa,The Cover Crew,8,[],2066,,,,,,,,
166LUuOuQ1wmBPsW5oGtEb,Lucaa,9,[],2964,,,,,,,,
4HalCWBC05MTQC7hbq6Znb,The Music Box Corner,24,[],688,,,,,,,,
15vYEF4FB0Urzzt1Fdv4xC,Kids Hit Masters,2,['kids hip hop'],531,kids hip hop,,,,,,,
3Zab8WxvAPsDlhlBTcbuPi,Nick Harris,1,[],311,,,,,,,,
5mfVwbA2I84uP32kzo1EYZ,Fallopian Shoes,0,[],2,,,,,,,,
1BI67FLD70HtWCTouA3J7D,Francesco Rende,0,[],11,,,,,,,,
0v4AsAIXQq01n9e8yURymP,Ed Levy,0,[],0,,,,,,,,
6WiBuOQHILm0iZEKAa7NNg,Saucebook,0,[],5,,,,,,,,
4fwCKZvxfpAsm6n69XalOW,Runforthecube,2,[],2750,,,,,,,,
4dWYBNVhcONqLLYMDkM3Bl,90tapes,0,[],2,,,,,,,,
3ZGJzKawdYJQBylKyJ95dn,Taylor Piggott,5,[],2348,,,,,,,,
3wgCvrg0MMvtngqJIhc6Uf,Huangenstein,33,[],460,,,,,,,,
6SXXIdmS9dNJRuf1mqZizy,Rick Mims Band,1,[],37,,,,,,,,
73bsysGTK9VNFTRnzu8nFR,The Tribute Family,0,[],13,,,,,,,,
13Vjhgsfo18u39zbsgALoi,Top 40 Radio,5,[],599,,,,,,,,
1Lc0W6fVtIyzVXEOV6BbYi,Musical Creations Karaoke,17,['karaoke'],756,karaoke,,,,,,,
7HoWnB4P65KGAE997qCoCq,Eyeglasses,10,[],2232,,,,,,,,
7JOGlRayiku54kmPM8EJNZ,The Last Time,0,[],0,,,,,,,,
5nwMOS9spMPjD1w6AruPKl,Off The Record Karaoke,21,['karaoke'],1290,karaoke,,,,,,,
4euhIu4FOEGpBqItwyIKEw,JMKaraoke,12,[],2798,,,,,,,,
0pX70hF85qlg0TGNFIa0at,Amy Vachal,9,['deep talent show'],7000,deep talent show,,,,,,,
6Lij5snr1OKtFg6wLX9VxW,Swifty,4,[],244,,,,,,,,
6B8g0K34kmc9VMok30nYY2,Michael Van London,0,[],558,,,,,,,,
3ZFQEgIoDzalXmEsl9LIPE,Taylor J,17,[],2647,,,,,,,,
4Z6WehLCUZYmz0RJL8CXCw,ProSource Karaoke,24,['karaoke'],2463,karaoke,,,,,,,
2qvdM5F0O1M25B6Yl5MA4K,Music Box Lullabies,37,['music box'],2665,music box,,,,,,,
6NsbgCL11dQEy3LIXLyA2X,DJ Cover This,9,[],690,,,,,,,,
6TOfwIJLO3XiEXI6tWq7fL,Dreams and Light,26,[],1047,,,,,,,,
2wNlZ2Vp23Sbv1DHgizbCb,Tiffany Alvord,42,['viral pop'],139412,viral pop,,,,,,,
7eSj2akzITaXCp39EOHWI1,The Flamenco Man,22,['acoustic guitar cover'],2820,acoustic guitar cover,,,,,,,
11LAnLFDlVOJaHwJyUli2q,Hit Tracks,1,[],71,,,,,,,,
0aqEVP89B1NYnqSi8R4PNi,The Wolf Hunterz,5,[],2473,,,,,,,,
6gstED0JDo9wBcqIrmg60T,Zak Resnick,7,[],528,,,,,,,,
73jzr9bXQwoZ2Tc4BFoMyU,American Country Karaoke,0,[],154,,,,,,,,
7rGOiN4N0mmLAiQUclGFYq,Sam Strake,13,[],450,,,,,,,,
26dX7Y7nMo1sC2T3O7TwNj,LittleTranscriber,31,[],3386,,,,,,,,
04T7QEqAiQBW12loi1g2CO,Vox Freaks,29,[],2995,,,,,,,,
5WzSG5Kb93M7gn3ovwpjOW,Abandoning Sunday,30,['alternative pop rock'],15684,alternative pop rock,,,,,,,
2kP0n6yaVFxwvenNTgufn5,K&E. McManus,0,[],1,,,,,,,,
2PtB5otZbt5lxoZtwCtZiB,#Karma,21,[],523,,,,,,,,
0F3iCCrV4VdMT4vACRrM5V,Taylor McCluskey,5,[],855,,,,,,,,
5zy80tvTvS63eFCemiBUrs,The Grassmasters,6,['instrumental bluegrass'],469,instrumental bluegrass,,,,,,,
1ekwJGDxnfBFXcSLSgmNj8,Alyssa Bernal,16,['viral pop'],10648,viral pop,,,,,,,
4vyXjivS5Uy1AMrL2jw2Qs,Taylor Taylor,4,[],972,,,,,,,,
65WAeYJTdfqpKQmYfgmF0k,Music Mayhem,5,[],306,,,,,,,,
5NayZvBPFf6ANFWLfEr9aN,Taylor Marissa,0,[],96,,,,,,,,
5aEMARkjW3SYYnGLTLgCks,Karaoke - Ameritz,20,['karaoke'],2367,karaoke,,,,,,,
1MU0DtoPi3KRw38z1NnV5E,North Texas Wind Symphony,34,"['concert band', 'wind symphony']",9536,concert band,wind symphony,,,,,,
